,0,1,2,3,4,5,6,7,8,9,10,11,12,13
0,108.41407775878906,107.24272155761719,103.12784576416016,100.99381256103516,101.2475357055664,101.8063735961914,101.18987274169922,100.94303894042969,100.83356475830078,100.7540283203125,100.69200897216797,100.64427185058594,102.09293365478516,150.0
1,108.41407775878906,107.24272155761719,103.12784576416016,100.99381256103516,101.2475357055664,101.8063735961914,101.18987274169922,100.94303894042969,100.83356475830078,100.7540283203125,100.69200897216797,100.64427185058594,102.09293365478516,150.0
2,108.41407775878906,107.24272155761719,103.12784576416016,100.99381256103516,101.2475357055664,101.8063735961914,101.18987274169922,100.94303894042969,100.83356475830078,100.7540283203125,100.69200897216797,100.64427185058594,102.09293365478516,141.0
3,108.41407775878906,107.24272155761719,103.12784576416016,100.99381256103516,101.2475357055664,101.8063735961914,101.18987274169922,100.94303894042969,100.83356475830078,100.7540283203125,100.69200897216797,100.64427185058594,102.09293365478516,121.0
4,108.41407775878906,107.24272155761719,103.12784576416016,100.99381256103516,101.2475357055664,101.8063735961914,101.18987274169922,100.94303894042969,100.83356475830078,100.7540283203125,100.69200897216797,100.64427185058594,102.09293365478516,101.0
5,108.41407775878906,107.24272155761719,103.12784576416016,100.99381256103516,101.2475357055664,101.8063735961914,101.18987274169922,100.94303894042969,100.83356475830078,100.7540283203125,100.69200897216797,100.64427185058594,102.09293365478516,81.0
6,108.41407775878906,107.24272155761719,103.12784576416016,100.99381256103516,101.2475357055664,101.8063735961914,101.18987274169922,100.94303894042969,100.83356475830078,100.7540283203125,100.69200897216797,100.64427185058594,102.09293365478516,61.0
7,104.93782043457031,107.24272155761719,103.12784576416016,100.99381256103516,101.2475357055664,101.8063735961914,101.18987274169922,100.94303894042969,100.83356475830078,100.7540283203125,100.69200897216797,100.64425659179688,102.09293365478516,41.0
8,104.93782043457031,107.24272155761719,103.12784576416016,100.99381256103516,101.2475357055664,101.8063735961914,101.18987274169922,100.94303894042969,100.83356475830078,100.7540283203125,100.69200897216797,100.64425659179688,102.09293365478516,21.0
9,104.93782043457031,107.24272155761719,103.12784576416016,100.99381256103516,101.2475357055664,101.8063735961914,101.18987274169922,100.94303894042969,100.83356475830078,100.7540283203125,100.69200897216797,100.64425659179688,102.09293365478516,1.0
10,107.77491760253906,106.04476165771484,104.70943450927734,102.61802673339844,102.49213409423828,103.29689025878906,102.71155548095703,102.40540313720703,102.25932312011719,102.1590576171875,102.0823974609375,102.02383422851562,103.66119384765625,150.0
11,107.77491760253906,106.04476165771484,104.70943450927734,102.61802673339844,102.49213409423828,103.29689025878906,102.71155548095703,102.40540313720703,102.25932312011719,102.1590576171875,102.0823974609375,102.02383422851562,103.66119384765625,150.0
12,107.77491760253906,106.04476165771484,104.70943450927734,102.61802673339844,102.49213409423828,103.29689025878906,102.71155548095703,102.40540313720703,102.25932312011719,102.1590576171875,102.0823974609375,102.02383422851562,103.66119384765625,150.0
13,107.77491760253906,106.04476165771484,104.70943450927734,102.61802673339844,102.49213409423828,103.29689025878906,102.71155548095703,102.40540313720703,102.25932312011719,102.1590576171875,102.0823974609375,102.02383422851562,103.66119384765625,142.0
14,107.77491760253906,106.04476165771484,104.70943450927734,102.61802673339844,102.49213409423828,103.29689025878906,102.71155548095703,102.40540313720703,102.25932312011719,102.1590576171875,102.0823974609375,102.02383422851562,103.66119384765625,122.0
15,107.77491760253906,106.04476165771484,104.70943450927734,102.61802673339844,102.49213409423828,103.29689025878906,102.71155548095703,102.40540313720703,102.25932312011719,102.1590576171875,102.0823974609375,102.02383422851562,103.66119384765625,102.0
16,104.20032501220703,106.04476165771484,104.70943450927734,102.61802673339844,102.49213409423828,103.29689025878906,102.71155548095703,102.40540313720703,102.25932312011719,102.1590576171875,102.0823974609375,102.02337646484375,103.66119384765625,82.0
17,104.20032501220703,106.04476165771484,104.70943450927734,102.61802673339844,102.49213409423828,103.29689025878906,102.71155548095703,102.40540313720703,102.25932312011719,102.1590576171875,102.0823974609375,102.02337646484375,103.66119384765625,62.0
18,104.20032501220703,106.04476165771484,104.70943450927734,102.61802673339844,102.49213409423828,103.29689025878906,102.71155548095703,102.40540313720703,102.25932312011719,102.1590576171875,102.0823974609375,102.02337646484375,103.66119384765625,42.0
19,104.20032501220703,106.04476165771484,104.70943450927734,102.61802673339844,102.49213409423828,103.29689025878906,102.71155548095703,102.40540313720703,102.25932312011719,102.1590576171875,102.0823974609375,102.02337646484375,103.66119384765625,22.0
20,106.83707427978516,104.49223327636719,105.84072875976562,104.05322265625,103.6008529663086,104.52515411376953,104.04258728027344,103.7215347290039,103.56069946289062,103.45420837402344,103.37376403808594,104.17798614501953,104.91265106201172,150.0
21,106.83707427978516,104.49223327636719,105.84072875976562,104.05322265625,103.6008529663086,104.52515411376953,104.04258728027344,103.7215347290039,103.56069946289062,103.45420837402344,103.37376403808594,104.17798614501953,104.91265106201172,130.0
22,106.83707427978516,104.49223327636719,105.84072875976562,104.05322265625,103.6008529663086,104.52515411376953,104.04258728027344,103.7215347290039,103.56069946289062,103.45420837402344,103.37376403808594,104.17798614501953,104.91265106201172,110.0
23,106.83707427978516,104.49223327636719,105.84072875976562,104.05322265625,103.6008529663086,104.52515411376953,104.04258728027344,103.7215347290039,103.56069946289062,103.45420837402344,103.37376403808594,104.17798614501953,104.91265106201172,90.0
24,106.83707427978516,104.49223327636719,105.84072875976562,104.05322265625,103.6008529663086,104.52515411376953,104.04258728027344,103.7215347290039,103.56069946289062,103.45420837402344,103.37376403808594,104.17798614501953,104.91265106201172,70.0
25,102.90457153320312,104.49223327636719,105.84072875976562,104.05322265625,103.6008529663086,104.52515411376953,104.04258728027344,103.7215347290039,103.56069946289062,103.45420837402344,103.37376403808594,104.17798614501953,104.91265106201172,50.0
26,102.90457153320312,104.49223327636719,105.84072875976562,104.05322265625,103.6008529663086,104.52515411376953,104.04258728027344,103.7215347290039,103.56069946289062,103.45420837402344,103.37376403808594,104.17798614501953,104.91265106201172,30.0
27,102.90457153320312,104.49223327636719,105.84072875976562,104.05322265625,103.6008529663086,104.52515411376953,104.04258728027344,103.7215347290039,103.56069946289062,103.45420837402344,103.37376403808594,104.17798614501953,104.91265106201172,10.0
28,106.83707427978516,104.49223327636719,105.84072875976562,104.05322265625,103.6008529663086,104.52515411376953,104.04258728027344,103.7215347290039,103.56069946289062,103.45420837402344,103.37376403808594,104.17798614501953,104.91265106201172,150.0
29,106.83707427978516,104.49223327636719,105.84072875976562,104.05322265625,103.6008529663086,104.52515411376953,104.04258728027344,103.7215347290039,103.56069946289062,103.45420837402344,103.37376403808594,104.17798614501953,104.91265106201172,150.0
30,104.40607452392578,101.73006439208984,105.35747528076172,104.08565521240234,103.35013580322266,104.29428100585938,103.97691345214844,103.68942260742188,103.53982543945312,103.44413757324219,103.37268829345703,103.60260772705078,104.648681640625,150.0
31,104.40607452392578,101.73006439208984,105.35747528076172,104.08565521240234,103.35013580322266,104.29428100585938,103.97691345214844,103.68942260742188,103.53982543945312,103.44413757324219,103.37268829345703,103.60260772705078,104.648681640625,150.0
32,104.40607452392578,101.73006439208984,105.35747528076172,104.08565521240234,103.35013580322266,104.29428100585938,103.97691345214844,103.68942260742188,103.53982543945312,103.44413757324219,103.37268829345703,103.60260772705078,104.648681640625,150.0
33,104.40607452392578,101.73006439208984,105.35747528076172,104.08565521240234,103.35013580322266,104.29428100585938,103.97691345214844,103.68942260742188,103.53982543945312,103.44413757324219,103.37268829345703,103.60260772705078,104.648681640625,150.0
34,100.00796508789062,101.73006439208984,105.35747528076172,104.08565521240234,103.35013580322266,104.29428100585938,103.97691345214844,103.68942260742188,103.53982543945312,103.44413757324219,103.37268829345703,103.60260772705078,104.648681640625,136.0
35,100.00796508789062,101.73006439208984,105.35747528076172,104.08565521240234,103.35013580322266,104.29428100585938,103.97691345214844,103.68942260742188,103.53982543945312,103.44413757324219,103.37268829345703,103.60260772705078,104.648681640625,116.0
36,100.00796508789062,101.73006439208984,105.35747528076172,104.08565521240234,103.35013580322266,104.29428100585938,103.97691345214844,103.68942260742188,103.53982543945312,103.44413757324219,103.37268829345703,103.60260772705078,104.648681640625,96.0
37,100.00796508789062,101.73006439208984,105.35747528076172,104.08565521240234,103.35013580322266,104.29428100585938,103.97691345214844,103.68942260742188,103.53982543945312,103.44413757324219,103.37268829345703,103.60260772705078,104.648681640625,76.0
38,104.40607452392578,101.73006439208984,105.35747528076172,104.08565521240234,103.35013580322266,104.29428100585938,103.97691345214844,103.68942260742188,103.53982543945312,103.44413757324219,103.37268829345703,103.60260772705078,104.648681640625,150.0
39,104.40607452392578,101.73006439208984,105.35747528076172,104.08565521240234,103.35013580322266,104.29428100585938,103.97691345214844,103.68942260742188,103.53982543945312,103.44413757324219,103.37268829345703,103.60260772705078,104.648681640625,150.0
40,107.12310028076172,103.22127532958984,108.34932708740234,107.6603012084961,106.89044189453125,107.65300750732422,107.49320220947266,107.25308990478516,107.1192855834961,107.0357666015625,106.97401428222656,107.384521484375,107.94440460205078,135.0
41,107.12310028076172,103.22127532958984,108.34932708740234,107.6603012084961,106.89044189453125,107.65300750732422,107.49320220947266,107.25308990478516,107.1192855834961,107.0357666015625,106.97401428222656,107.384521484375,107.94440460205078,115.0
42,107.12310028076172,103.22127532958984,108.34932708740234,107.6603012084961,106.89044189453125,107.65300750732422,107.49320220947266,107.25308990478516,107.1192855834961,107.0357666015625,106.97401428222656,107.384521484375,107.94440460205078,95.0
43,107.12310028076172,103.22127532958984,108.34932708740234,107.6603012084961,106.89044189453125,107.65300750732422,107.49320220947266,107.25308990478516,107.1192855834961,107.0357666015625,106.97401428222656,107.384521484375,107.94440460205078,75.0
44,107.12310028076172,103.22127532958984,108.34932708740234,107.6603012084961,106.89044189453125,107.65300750732422,107.49320220947266,107.25308990478516,107.1192855834961,107.0357666015625,106.97401428222656,107.384521484375,107.94440460205078,55.0
45,102.09528350830078,103.22126770019531,108.34932708740234,107.6603012084961,106.89044189453125,107.65300750732422,107.49320220947266,107.25308990478516,107.1192855834961,107.0357666015625,106.97401428222656,107.384521484375,107.94440460205078,35.0
46,102.09528350830078,103.22126770019531,108.34932708740234,107.6603012084961,106.89044189453125,107.65300750732422,107.49320220947266,107.25308990478516,107.1192855834961,107.0357666015625,106.97401428222656,107.384521484375,107.94440460205078,15.0
47,107.12310028076172,103.22127532958984,108.34932708740234,107.6603012084961,106.89044189453125,107.65300750732422,107.49320220947266,107.25308990478516,107.1192855834961,107.0357666015625,106.97401428222656,107.384521484375,107.94440460205078,148.0
48,107.12310028076172,103.22127532958984,108.34932708740234,107.6603012084961,106.89044189453125,107.65300750732422,107.49320220947266,107.25308990478516,107.1192855834961,107.0357666015625,106.97401428222656,107.384521484375,107.94440460205078,128.0
49,107.12310028076172,103.22127532958984,108.34932708740234,107.6603012084961,106.89044189453125,107.65300750732422,107.49320220947266,107.25308990478516,107.1192855834961,107.0357666015625,106.97401428222656,107.384521484375,107.94440460205078,108.0
50,107.41202545166016,102.9653549194336,108.83100128173828,108.77886199951172,108.00244140625,108.55009460449219,108.57073974609375,108.41434478759766,108.31884765625,108.26200866699219,108.22071075439453,108.48772430419922,108.7406005859375,88.0
51,107.41202545166016,102.9653549194336,108.83100128173828,108.77886199951172,108.00244140625,108.55009460449219,108.57073974609375,108.41434478759766,108.31884765625,108.26200866699219,108.22071075439453,108.48772430419922,108.7406005859375,68.0
52,101.81482696533203,102.9653549194336,108.83100128173828,108.77886199951172,108.00244140625,108.55009460449219,108.57073974609375,108.41434478759766,108.31884765625,108.26200866699219,108.22071075439453,108.48772430419922,108.7406005859375,48.0
53,101.81482696533203,102.9653549194336,108.83100128173828,108.77886199951172,108.00244140625,108.55009460449219,108.57073974609375,108.41434478759766,108.31884765625,108.26200866699219,108.22071075439453,108.48772430419922,108.7406005859375,28.0
54,101.81482696533203,102.9653549194336,108.83100128173828,108.77886199951172,108.00244140625,108.55009460449219,108.57073974609375,108.41434478759766,108.31884765625,108.26200866699219,108.22071075439453,108.48772430419922,108.7406005859375,8.0
55,107.41202545166016,102.9653549194336,108.83100128173828,108.77886199951172,108.00244140625,108.55009460449219,108.57073974609375,108.41434478759766,108.31884765625,108.26200866699219,108.22071075439453,108.48772430419922,108.7406005859375,150.0
56,107.41202545166016,102.9653549194336,108.83100128173828,108.77886199951172,108.00244140625,108.55009460449219,108.57073974609375,108.41434478759766,108.31884765625,108.26200866699219,108.22071075439453,108.48772430419922,108.7406005859375,150.0
57,107.41202545166016,102.9653549194336,108.83100128173828,108.77886199951172,108.00244140625,108.55009460449219,108.57073974609375,108.41434478759766,108.31884765625,108.26200866699219,108.22071075439453,108.48772430419922,108.7406005859375,139.0
58,107.41202545166016,102.9653549194336,108.83100128173828,108.77886199951172,108.00244140625,108.55009460449219,108.57073974609375,108.41434478759766,108.31884765625,108.26200866699219,108.22071075439453,108.48772430419922,108.7406005859375,119.0
59,107.41202545166016,102.9653549194336,108.83100128173828,108.77886199951172,108.00244140625,108.55009460449219,108.57073974609375,108.41434478759766,108.31884765625,108.26200866699219,108.22071075439453,108.48772430419922,108.7406005859375,99.0
60,105.50894165039062,101.01475524902344,106.84102630615234,107.3963851928711,106.63169860839844,106.96566009521484,107.1664047241211,107.11724853515625,107.07646942138672,107.05680847167969,107.04366302490234,106.92431640625,107.03343963623047,79.0
61,105.50894165039062,101.01475524902344,106.84102630615234,107.3963851928711,106.63169860839844,106.96566009521484,107.1664047241211,107.11724853515625,107.07646942138672,107.05680847167969,107.04366302490234,106.92431640625,107.03343963623047,59.0
62,99.33380126953125,101.01475524902344,106.84102630615234,107.3963851928711,106.63169860839844,106.96566009521484,107.1664047241211,107.11724853515625,107.07646942138672,107.05680847167969,107.04366302490234,106.92431640625,107.03343963623047,39.0
63,99.33380126953125,101.01475524902344,106.84102630615234,107.3963851928711,106.63169860839844,106.96566009521484,107.1664047241211,107.11724853515625,107.07646942138672,107.05680847167969,107.04366302490234,106.92431640625,107.03343963623047,19.0
64,105.50894165039062,101.01475524902344,106.84102630615234,107.3963851928711,106.63169860839844,106.96566009521484,107.1664047241211,107.11724853515625,107.07646942138672,107.05680847167969,107.04366302490234,106.92431640625,107.03343963623047,136.0
65,105.50894165039062,101.01475524902344,106.84102630615234,107.3963851928711,106.63169860839844,106.96566009521484,107.1664047241211,107.11724853515625,107.07646942138672,107.05680847167969,107.04366302490234,106.92431640625,107.03343963623047,116.0
66,105.50894165039062,101.01475524902344,106.84102630615234,107.3963851928711,106.63169860839844,106.96566009521484,107.1664047241211,107.11724853515625,107.07646942138672,107.05680847167969,107.04366302490234,106.92431640625,107.03343963623047,96.0
67,105.50894165039062,101.01475524902344,106.84102630615234,107.3963851928711,106.63169860839844,106.96566009521484,107.1664047241211,107.11724853515625,107.07646942138672,107.05680847167969,107.04366302490234,106.92431640625,107.03343963623047,76.0
68,105.50894165039062,101.01475524902344,106.84102630615234,107.3963851928711,106.63169860839844,106.96566009521484,107.1664047241211,107.11724853515625,107.07646942138672,107.05680847167969,107.04366302490234,106.92431640625,107.03343963623047,56.0
69,99.33380126953125,101.01475524902344,106.84102630615234,107.3963851928711,106.63169860839844,106.96566009521484,107.1664047241211,107.11724853515625,107.07646942138672,107.05680847167969,107.04366302490234,106.92431640625,107.03343963623047,36.0
70,92.7960205078125,95.40457916259766,100.54689025878906,101.62754821777344,100.82907104492188,101.01104736328125,101.384765625,101.46046447753906,101.48944091796875,101.51700592041016,101.53947448730469,100.82520294189453,100.94664764404297,16.0
71,99.33580017089844,95.40457916259766,100.54689025878906,101.62754821777344,100.82907104492188,101.01104736328125,101.384765625,101.46046447753906,101.48944091796875,101.51700592041016,101.53947448730469,100.82520294189453,100.94664764404297,150.0
72,99.33580017089844,95.40457916259766,100.54689025878906,101.62754821777344,100.82907104492188,101.01104736328125,101.384765625,101.46046447753906,101.48944091796875,101.51700592041016,101.53947448730469,100.82520294189453,100.94664764404297,150.0
73,99.33580017089844,95.40457916259766,100.54689025878906,101.62754821777344,100.82907104492188,101.01104736328125,101.384765625,101.46046447753906,101.48944091796875,101.51700592041016,101.53947448730469,100.82520294189453,100.94664764404297,134.0
74,99.33580017089844,95.40457916259766,100.54689025878906,101.62754821777344,100.82907104492188,101.01104736328125,101.384765625,101.46046447753906,101.48944091796875,101.51700592041016,101.53947448730469,100.82520294189453,100.94664764404297,114.0
75,99.33580017089844,95.40457916259766,100.54689025878906,101.62754821777344,100.82907104492188,101.01104736328125,101.384765625,101.46046447753906,101.48944091796875,101.51700592041016,101.53947448730469,100.82520294189453,100.94664764404297,94.0
76,99.33580017089844,95.40457916259766,100.54689025878906,101.62754821777344,100.82907104492188,101.01104736328125,101.384765625,101.46046447753906,101.48944091796875,101.51700592041016,101.53947448730469,100.82520294189453,100.94664764404297,74.0
77,99.33575439453125,95.40457916259766,100.54689025878906,101.62754821777344,100.82907104492188,101.01104736328125,101.384765625,101.46046447753906,101.48944091796875,101.51700592041016,101.53947448730469,100.82520294189453,100.94664764404297,54.0
78,92.7960205078125,95.40457916259766,100.54689025878906,101.62754821777344,100.82907104492188,101.01104736328125,101.384765625,101.46046447753906,101.48944091796875,101.51700592041016,101.53947448730469,100.82520294189453,100.94664764404297,34.0
79,92.7960205078125,95.40457916259766,100.54689025878906,101.62754821777344,100.82907104492188,101.01104736328125,101.384765625,101.46046447753906,101.48944091796875,101.51700592041016,101.53947448730469,100.82520294189453,100.94664764404297,14.0
80,91.9898910522461,88.80229187011719,92.71441650390625,94.15605926513672,93.360595703125,93.4208984375,93.92086029052734,94.11056518554688,94.20637512207031,94.2786636352539,94.33475494384766,93.04942321777344,93.23922729492188,150.0
81,91.9898910522461,88.80229187011719,92.71441650390625,94.15605926513672,93.360595703125,93.4208984375,93.92086029052734,94.11056518554688,94.20637512207031,94.2786636352539,94.33475494384766,93.04942321777344,93.23922729492188,150.0
82,91.9898910522461,88.80229187011719,92.71441650390625,94.15605926513672,93.360595703125,93.4208984375,93.92086029052734,94.11056518554688,94.20637512207031,94.2786636352539,94.33475494384766,93.04942321777344,93.23922729492188,150.0
83,91.9898910522461,88.80229187011719,92.71441650390625,94.15605926513672,93.360595703125,93.4208984375,93.92086029052734,94.11056518554688,94.20637512207031,94.2786636352539,94.33475494384766,93.04942321777344,93.23922729492188,136.0
84,91.9898910522461,88.80229187011719,92.71441650390625,94.15605926513672,93.360595703125,93.4208984375,93.92086029052734,94.11056518554688,94.20637512207031,94.2786636352539,94.33475494384766,93.04942321777344,93.23922729492188,116.0
85,91.9898910522461,88.80229187011719,92.71441650390625,94.15605926513672,93.360595703125,93.4208984375,93.92086029052734,94.11056518554688,94.20637512207031,94.2786636352539,94.33475494384766,93.04942321777344,93.23922729492188,96.0
86,85.04469299316406,88.80229187011719,92.71441650390625,94.15605926513672,93.360595703125,93.4208984375,93.92086029052734,94.11056518554688,94.20637512207031,94.2786636352539,94.33475494384766,93.04942321777344,93.23922729492188,76.0
87,85.04469299316406,88.80229187011719,92.71441650390625,94.15605926513672,93.360595703125,93.4208984375,93.92086029052734,94.11056518554688,94.20637512207031,94.2786636352539,94.33475494384766,93.04942321777344,93.23922729492188,56.0
88,85.04469299316406,88.80229187011719,92.71441650390625,94.15605926513672,93.360595703125,93.4208984375,93.92086029052734,94.11056518554688,94.20637512207031,94.2786636352539,94.33475494384766,93.04942321777344,93.23922729492188,36.0
89,85.04469299316406,88.80229187011719,92.71441650390625,94.15605926513672,93.360595703125,93.4208984375,93.92086029052734,94.11056518554688,94.20637512207031,94.2786636352539,94.33475494384766,93.04942321777344,93.23922729492188,16.0
90,86.79203796386719,84.0741958618164,86.35589599609375,87.9344711303711,87.26055908203125,87.19229125976562,87.73814392089844,88.00406646728516,88.14632415771484,88.2486572265625,88.32709503173828,86.73176574707031,86.92996978759766,150.0
91,86.79203796386719,84.0741958618164,86.35589599609375,87.9344711303711,87.26055908203125,87.19229125976562,87.73814392089844,88.00406646728516,88.14632415771484,88.2486572265625,88.32709503173828,86.73176574707031,86.92996978759766,150.0
92,86.79203796386719,84.0741958618164,86.35589599609375,87.9344711303711,87.26055908203125,87.19229125976562,87.73814392089844,88.00406646728516,88.14632415771484,88.2486572265625,88.32709503173828,86.73176574707031,86.92996978759766,150.0
93,86.79203796386719,84.0741958618164,86.35589599609375,87.9344711303711,87.26055908203125,87.19229125976562,87.73814392089844,88.00406646728516,88.14632415771484,88.2486572265625,88.32709503173828,86.73176574707031,86.92996978759766,134.0
94,86.79203796386719,84.0741958618164,86.35589599609375,87.9344711303711,87.26055908203125,87.19229125976562,87.73814392089844,88.00406646728516,88.14632415771484,88.2486572265625,88.32709503173828,86.73176574707031,86.92996978759766,114.0
95,86.79203796386719,84.0741958618164,86.35589599609375,87.9344711303711,87.26055908203125,87.19229125976562,87.73814392089844,88.00406646728516,88.14632415771484,88.2486572265625,88.32709503173828,86.73176574707031,86.92996978759766,94.0
96,79.29473876953125,84.0741958618164,86.35589599609375,87.9344711303711,87.26055908203125,87.19229125976562,87.73814392089844,88.00406646728516,88.14632415771484,88.2486572265625,88.32709503173828,86.73176574707031,86.92996978759766,74.0
97,79.29473876953125,84.0741958618164,86.35589599609375,87.9344711303711,87.26055908203125,87.19229125976562,87.73814392089844,88.00406646728516,88.14632415771484,88.2486572265625,88.32709503173828,86.73176574707031,86.92996978759766,54.0
98,79.29473876953125,84.0741958618164,86.35589599609375,87.9344711303711,87.26055908203125,87.19229125976562,87.73814392089844,88.00406646728516,88.14632415771484,88.2486572265625,88.32709503173828,86.73176574707031,86.92996978759766,34.0
99,79.29473876953125,84.0741958618164,86.35589599609375,87.9344711303711,87.26055908203125,87.19229125976562,87.73814392089844,88.00406646728516,88.14632415771484,88.2486572265625,88.32709503173828,86.73176574707031,86.92996978759766,14.0
100,84.05381774902344,81.46453094482422,81.9530029296875,83.4424819946289,83.00048828125,82.80268859863281,83.3112564086914,83.6067886352539,83.76932525634766,83.8832015991211,83.9699478149414,82.3817367553711,82.50479888916016,150.0
101,84.05381774902344,81.46453094482422,81.9530029296875,83.4424819946289,83.00048828125,82.80268859863281,83.3112564086914,83.6067886352539,83.76932525634766,83.8832015991211,83.9699478149414,82.3817367553711,82.50479888916016,150.0
102,84.05381774902344,81.46453094482422,81.9530029296875,83.4424819946289,83.00048828125,82.80268859863281,83.3112564086914,83.6067886352539,83.76932525634766,83.8832015991211,83.9699478149414,82.3817367553711,82.50479888916016,150.0
103,84.05381774902344,81.46453094482422,81.9530029296875,83.4424819946289,83.00048828125,82.80268859863281,83.3112564086914,83.6067886352539,83.76932525634766,83.8832015991211,83.9699478149414,82.3817367553711,82.50479888916016,135.0
104,84.05381774902344,81.46453094482422,81.9530029296875,83.4424819946289,83.00048828125,82.80268859863281,83.3112564086914,83.6067886352539,83.76932525634766,83.8832015991211,83.9699478149414,82.3817367553711,82.50479888916016,115.0
105,84.05381774902344,81.46453094482422,81.9530029296875,83.4424819946289,83.00048828125,82.80268859863281,83.3112564086914,83.6067886352539,83.76932525634766,83.8832015991211,83.9699478149414,82.3817367553711,82.50479888916016,95.0
106,75.892822265625,81.46451568603516,81.9530029296875,83.4424819946289,83.00048828125,82.80268859863281,83.3112564086914,83.6067886352539,83.76932525634766,83.8832015991211,83.9699478149414,82.3817367553711,82.50479888916016,75.0
107,75.892822265625,81.46451568603516,81.9530029296875,83.4424819946289,83.00048828125,82.80268859863281,83.3112564086914,83.6067886352539,83.76932525634766,83.8832015991211,83.9699478149414,82.3817367553711,82.50479888916016,55.0
108,75.892822265625,81.46451568603516,81.9530029296875,83.4424819946289,83.00048828125,82.80268859863281,83.3112564086914,83.6067886352539,83.76932525634766,83.8832015991211,83.9699478149414,82.3817367553711,82.50479888916016,35.0
109,75.892822265625,81.46451568603516,81.9530029296875,83.4424819946289,83.00048828125,82.80268859863281,83.3112564086914,83.6067886352539,83.76932525634766,83.8832015991211,83.9699478149414,82.3817367553711,82.50479888916016,15.0
110,84.00415802001953,81.96154022216797,79.95738220214844,81.15868377685547,81.03807830810547,80.71512603759766,81.1111068725586,81.3874282836914,81.54191589355469,81.64762878417969,81.72776794433594,80.4712142944336,80.4287109375,150.0
111,84.00415802001953,81.96154022216797,79.95738220214844,81.15868377685547,81.03807830810547,80.71512603759766,81.1111068725586,81.3874282836914,81.54191589355469,81.64762878417969,81.72776794433594,80.4712142944336,80.4287109375,150.0
112,84.00415802001953,81.96154022216797,79.95738220214844,81.15868377685547,81.03807830810547,80.71512603759766,81.1111068725586,81.3874282836914,81.54191589355469,81.64762878417969,81.72776794433594,80.4712142944336,80.4287109375,150.0
113,84.00415802001953,81.96154022216797,79.95738220214844,81.15868377685547,81.03807830810547,80.71512603759766,81.1111068725586,81.3874282836914,81.54191589355469,81.64762878417969,81.72776794433594,80.4712142944336,80.4287109375,133.0
114,84.00415802001953,81.96154022216797,79.95738220214844,81.15868377685547,81.03807830810547,80.71512603759766,81.1111068725586,81.3874282836914,81.54191589355469,81.64762878417969,81.72776794433594,80.4712142944336,80.4287109375,113.0
115,84.00415802001953,81.96154022216797,79.95738220214844,81.15868377685547,81.03807830810547,80.71512603759766,81.1111068725586,81.3874282836914,81.54191589355469,81.64762878417969,81.72776794433594,80.4712142944336,80.4287109375,93.0
116,84.00415802001953,81.96154022216797,79.95738220214844,81.15868377685547,81.03807830810547,80.71512603759766,81.1111068725586,81.3874282836914,81.54191589355469,81.64762878417969,81.72776794433594,80.4712142944336,80.4287109375,73.0
117,75.09479522705078,81.22815704345703,79.95738220214844,81.15868377685547,81.03807830810547,80.71512603759766,81.1111068725586,81.3874282836914,81.54191589355469,81.64762878417969,81.72776794433594,80.4712142944336,80.4287109375,53.0
118,75.09479522705078,81.22815704345703,79.95738220214844,81.15868377685547,81.03807830810547,80.71512603759766,81.1111068725586,81.3874282836914,81.54191589355469,81.64762878417969,81.72776794433594,80.4712142944336,80.4287109375,33.0
119,75.09479522705078,81.22815704345703,79.95738220214844,81.15868377685547,81.03807830810547,80.71512603759766,81.1111068725586,81.3874282836914,81.54191589355469,81.64762878417969,81.72776794433594,80.4712142944336,80.4287109375,13.0
120,86.07658386230469,82.79769897460938,80.20393371582031,80.97367095947266,81.21560668945312,80.78719329833984,81.01656341552734,81.23173522949219,81.35338592529297,81.43403625488281,81.49478149414062,80.81575012207031,80.55322265625,150.0
121,86.07658386230469,82.79769897460938,80.20393371582031,80.97367095947266,81.21560668945312,80.78719329833984,81.01656341552734,81.23173522949219,81.35338592529297,81.43403625488281,81.49478149414062,80.81575012207031,80.55322265625,150.0
122,86.07658386230469,82.79769897460938,80.20393371582031,80.97367095947266,81.21560668945312,80.78719329833984,81.01656341552734,81.23173522949219,81.35338592529297,81.43403625488281,81.49478149414062,80.81575012207031,80.55322265625,150.0
123,86.07658386230469,82.79769897460938,80.20393371582031,80.97367095947266,81.21560668945312,80.78719329833984,81.01656341552734,81.23173522949219,81.35338592529297,81.43403625488281,81.49478149414062,80.81575012207031,80.55322265625,133.0
124,86.07658386230469,82.79769897460938,80.20393371582031,80.97367095947266,81.21560668945312,80.78719329833984,81.01656341552734,81.23173522949219,81.35338592529297,81.43403625488281,81.49478149414062,80.81575012207031,80.55322265625,113.0
125,86.07658386230469,82.79769897460938,80.20393371582031,80.97367095947266,81.21560668945312,80.78719329833984,81.01656341552734,81.23173522949219,81.35338592529297,81.43403625488281,81.49478149414062,80.81575012207031,80.55322265625,93.0
126,76.360595703125,82.79769897460938,80.20393371582031,80.97367095947266,81.21560668945312,80.78719329833984,81.01656341552734,81.23173522949219,81.35338592529297,81.43403625488281,81.49478149414062,80.81575012207031,80.55322265625,73.0
127,76.360595703125,82.79769897460938,80.20393371582031,80.97367095947266,81.21560668945312,80.78719329833984,81.01656341552734,81.23173522949219,81.35338592529297,81.43403625488281,81.49478149414062,80.81575012207031,80.55322265625,53.0
128,76.360595703125,82.79769897460938,80.20393371582031,80.97367095947266,81.21560668945312,80.78719329833984,81.01656341552734,81.23173522949219,81.35338592529297,81.43403625488281,81.49478149414062,80.81575012207031,80.55322265625,33.0
129,76.360595703125,82.79769897460938,80.20393371582031,80.97367095947266,81.21560668945312,80.78719329833984,81.01656341552734,81.23173522949219,81.35338592529297,81.43403625488281,81.49478149414062,80.81575012207031,80.55322265625,13.0
130,89.92442321777344,85.96460723876953,82.43745422363281,82.70143127441406,83.2956314086914,82.7942886352539,82.82972717285156,82.95372009277344,83.02436828613281,83.0677719116211,83.10002136230469,83.1376724243164,82.64283752441406,150.0
131,89.92442321777344,85.96460723876953,82.43745422363281,82.70143127441406,83.2956314086914,82.7942886352539,82.82972717285156,82.95372009277344,83.02436828613281,83.0677719116211,83.10002136230469,83.1376724243164,82.64283752441406,150.0
132,89.92442321777344,85.96460723876953,82.43745422363281,82.70143127441406,83.2956314086914,82.7942886352539,82.82972717285156,82.95372009277344,83.02436828613281,83.0677719116211,83.10002136230469,83.1376724243164,82.64283752441406,135.0
133,89.92442321777344,85.96460723876953,82.43745422363281,82.70143127441406,83.2956314086914,82.7942886352539,82.82972717285156,82.95372009277344,83.02436828613281,83.0677719116211,83.10002136230469,83.1376724243164,82.64283752441406,115.0
134,89.92442321777344,85.96460723876953,82.43745422363281,82.70143127441406,83.2956314086914,82.7942886352539,82.82972717285156,82.95372009277344,83.02436828613281,83.0677719116211,83.10002136230469,83.1376724243164,82.64283752441406,95.0
135,89.92442321777344,85.96460723876953,82.43745422363281,82.70143127441406,83.2956314086914,82.7942886352539,82.82972717285156,82.95372009277344,83.02436828613281,83.0677719116211,83.10002136230469,83.1376724243164,82.64283752441406,75.0
136,79.35881042480469,85.96460723876953,82.43745422363281,82.70143127441406,83.2956314086914,82.7942886352539,82.82972717285156,82.95372009277344,83.02436828613281,83.0677719116211,83.10002136230469,83.1376724243164,82.64283752441406,55.0
137,79.35881042480469,85.96460723876953,82.43745422363281,82.70143127441406,83.2956314086914,82.7942886352539,82.82972717285156,82.95372009277344,83.02436828613281,83.0677719116211,83.10002136230469,83.1376724243164,82.64283752441406,35.0
138,79.35881042480469,85.96460723876953,82.43745422363281,82.70143127441406,83.2956314086914,82.7942886352539,82.82972717285156,82.95372009277344,83.02436828613281,83.0677719116211,83.10002136230469,83.1376724243164,82.64283752441406,15.0
139,89.92442321777344,85.96460723876953,82.43745422363281,82.70143127441406,83.2956314086914,82.7942886352539,82.82972717285156,82.95372009277344,83.02436828613281,83.0677719116211,83.10002136230469,83.1376724243164,82.64283752441406,150.0
140,94.92974853515625,90.306396484375,86.35407257080078,86.11031341552734,86.99992370605469,86.46648406982422,86.30863189697266,86.32613372802734,86.33595275878906,86.3359375,86.33511352539062,87.11363220214844,86.4137954711914,150.0
141,94.92974853515625,90.306396484375,86.35407257080078,86.11031341552734,86.99992370605469,86.46648406982422,86.30863189697266,86.32613372802734,86.33595275878906,86.3359375,86.33511352539062,87.11363220214844,86.4137954711914,150.0
142,94.92974853515625,90.306396484375,86.35407257080078,86.11031341552734,86.99992370605469,86.46648406982422,86.30863189697266,86.32613372802734,86.33595275878906,86.3359375,86.33511352539062,87.11363220214844,86.4137954711914,150.0
143,94.92974853515625,90.306396484375,86.35407257080078,86.11031341552734,86.99992370605469,86.46648406982422,86.30863189697266,86.32613372802734,86.33595275878906,86.3359375,86.33511352539062,87.11363220214844,86.4137954711914,131.0
144,94.92974853515625,90.306396484375,86.35407257080078,86.11031341552734,86.99992370605469,86.46648406982422,86.30863189697266,86.32613372802734,86.33595275878906,86.3359375,86.33511352539062,87.11363220214844,86.4137954711914,111.0
145,83.49018096923828,90.306396484375,86.35407257080078,86.11031341552734,86.99992370605469,86.46648406982422,86.30863189697266,86.32613372802734,86.33595275878906,86.3359375,86.33511352539062,87.11363220214844,86.4137954711914,91.0
146,83.49018096923828,90.306396484375,86.35407257080078,86.11031341552734,86.99992370605469,86.46648406982422,86.30863189697266,86.32613372802734,86.33595275878906,86.3359375,86.33511352539062,87.11363220214844,86.4137954711914,71.0
147,83.49018096923828,90.306396484375,86.35407257080078,86.11031341552734,86.99992370605469,86.46648406982422,86.30863189697266,86.32613372802734,86.33595275878906,86.3359375,86.33511352539062,87.11363220214844,86.4137954711914,51.0
148,83.49018096923828,90.306396484375,86.35407257080078,86.11031341552734,86.99992370605469,86.46648406982422,86.30863189697266,86.32613372802734,86.33595275878906,86.3359375,86.33511352539062,87.11363220214844,86.4137954711914,31.0
149,94.92974853515625,90.306396484375,86.35407257080078,86.11031341552734,86.99992370605469,86.46648406982422,86.30863189697266,86.32613372802734,86.33595275878906,86.3359375,86.33511352539062,87.11363220214844,86.4137954711914,150.0
150,101.9626235961914,96.5757064819336,92.6920394897461,91.99397277832031,93.11546325683594,92.57758331298828,92.24471282958984,92.15106201171875,92.09568786621094,92.0498275756836,92.01406860351562,93.49933624267578,92.62809753417969,145.0
151,101.9626235961914,96.5757064819336,92.6920394897461,91.99397277832031,93.11546325683594,92.57758331298828,92.24471282958984,92.15106201171875,92.09568786621094,92.0498275756836,92.01406860351562,93.49933624267578,92.62809753417969,125.0
152,101.9626235961914,96.5757064819336,92.6920394897461,91.99397277832031,93.11546325683594,92.57758331298828,92.24471282958984,92.15106201171875,92.09568786621094,92.0498275756836,92.01406860351562,93.49933624267578,92.62809753417969,105.0
153,101.9626235961914,96.5757064819336,92.6920394897461,91.99397277832031,93.11546325683594,92.57758331298828,92.24471282958984,92.15106201171875,92.09568786621094,92.0498275756836,92.01406860351562,93.49933624267578,92.62809753417969,85.0
154,101.9626235961914,96.5757064819336,92.6920394897461,91.99397277832031,93.11546325683594,92.57758331298828,92.24471282958984,92.15106201171875,92.09568786621094,92.0498275756836,92.01406860351562,93.49933624267578,92.62809753417969,65.0
155,89.6237564086914,96.5757064819336,92.6920394897461,91.99397277832031,93.11546325683594,92.57758331298828,92.24471282958984,92.15106201171875,92.09568786621094,92.0498275756836,92.01406860351562,93.49933624267578,92.62809753417969,45.0
156,89.6237564086914,96.5757064819336,92.6920394897461,91.99397277832031,93.11546325683594,92.57758331298828,92.24471282958984,92.15106201171875,92.09568786621094,92.0498275756836,92.01406860351562,93.49933624267578,92.62809753417969,25.0
157,89.6237564086914,96.5757064819336,92.6920394897461,91.99397277832031,93.11546325683594,92.57758331298828,92.24471282958984,92.15106201171875,92.09568786621094,92.0498275756836,92.01406860351562,93.49933624267578,92.62809753417969,5.0
158,101.9626235961914,96.5757064819336,92.6920394897461,91.99397277832031,93.11546325683594,92.57758331298828,92.24471282958984,92.15106201171875,92.09568786621094,92.0498275756836,92.01406860351562,93.49933624267578,92.62809753417969,150.0
159,101.9626235961914,96.5757064819336,92.6920394897461,91.99397277832031,93.11546325683594,92.57758331298828,92.24471282958984,92.15106201171875,92.09568786621094,92.0498275756836,92.01406860351562,93.49933624267578,92.62809753417969,150.0
160,107.24861145019531,101.37002563476562,98.05824279785156,97.04205322265625,98.22024536132812,97.75320434570312,97.30716705322266,97.12650299072266,97.020263671875,96.93944549560547,96.87721252441406,98.78997802734375,97.88933563232422,150.0
161,107.24861145019531,101.37002563476562,98.05824279785156,97.04205322265625,98.22024536132812,97.75320434570312,97.30716705322266,97.12650299072266,97.020263671875,96.93944549560547,96.87721252441406,98.78997802734375,97.88933563232422,150.0
162,107.24861145019531,101.37002563476562,98.05824279785156,97.04205322265625,98.22024536132812,97.75320434570312,97.30716705322266,97.12650299072266,97.020263671875,96.93944549560547,96.87721252441406,98.78997802734375,97.88933563232422,150.0
163,107.24861145019531,101.37002563476562,98.05824279785156,97.04205322265625,98.22024536132812,97.75320434570312,97.30716705322266,97.12650299072266,97.020263671875,96.93944549560547,96.87721252441406,98.78997802734375,97.88933563232422,150.0
164,94.04391479492188,101.37002563476562,98.05824279785156,97.04205322265625,98.22024536132812,97.75320434570312,97.30716705322266,97.12650299072266,97.020263671875,96.93944549560547,96.87721252441406,98.78997802734375,97.88933563232422,143.0
165,94.04391479492188,101.37002563476562,98.05824279785156,97.04205322265625,98.22024536132812,97.75320434570312,97.30716705322266,97.12650299072266,97.020263671875,96.93944549560547,96.87721252441406,98.78997802734375,97.88933563232422,123.0
166,94.04391479492188,101.37002563476562,98.05824279785156,97.04205322265625,98.22024536132812,97.75320434570312,97.30716705322266,97.12650299072266,97.020263671875,96.93944549560547,96.87721252441406,98.78997802734375,97.88933563232422,103.0
167,94.04391479492188,101.37002563476562,98.05824279785156,97.04205322265625,98.22024536132812,97.75320434570312,97.30716705322266,97.12650299072266,97.020263671875,96.93944549560547,96.87721252441406,98.78997802734375,97.88933563232422,83.0
168,107.24861145019531,101.37002563476562,98.05824279785156,97.04205322265625,98.22024536132812,97.75320434570312,97.30716705322266,97.12650299072266,97.020263671875,96.93944549560547,96.87721252441406,98.78997802734375,97.88933563232422,133.0
169,107.24861145019531,101.37002563476562,98.05824279785156,97.04205322265625,98.22024536132812,97.75320434570312,97.30716705322266,97.12650299072266,97.020263671875,96.93944549560547,96.87721252441406,98.78997802734375,97.88933563232422,113.0
170,115.73979949951172,109.34483337402344,106.89421844482422,105.68077087402344,106.86881256103516,106.46791076660156,105.94722747802734,105.69237518310547,105.54052734375,105.42853546142578,105.34264373779297,107.57296752929688,106.6745834350586,93.0
171,115.73979949951172,109.34483337402344,106.89421844482422,105.68077087402344,106.86881256103516,106.46791076660156,105.94722747802734,105.69237518310547,105.54052734375,105.42853546142578,105.34264373779297,107.57296752929688,106.6745834350586,73.0
172,115.73979949951172,109.34483337402344,106.89421844482422,105.68077087402344,106.86881256103516,106.46791076660156,105.94722747802734,105.69237518310547,105.54052734375,105.42853546142578,105.34264373779297,107.57296752929688,106.6745834350586,53.0
173,101.6655044555664,109.34483337402344,106.89421844482422,105.68077087402344,106.86881256103516,106.46791076660156,105.94722747802734,105.69237518310547,105.54052734375,105.42853546142578,105.34264373779297,107.57296752929688,106.6745834350586,33.0
174,101.6655044555664,109.34483337402344,106.89421844482422,105.68077087402344,106.86881256103516,106.46791076660156,105.94722747802734,105.69237518310547,105.54052734375,105.42853546142578,105.34264373779297,107.57296752929688,106.6745834350586,13.0
175,115.73979949951172,109.34483337402344,106.89421844482422,105.68077087402344,106.86881256103516,106.46791076660156,105.94722747802734,105.69237518310547,105.54052734375,105.42853546142578,105.34264373779297,107.57296752929688,106.6745834350586,117.0
176,115.73979949951172,109.34483337402344,106.89421844482422,105.68077087402344,106.86881256103516,106.46791076660156,105.94722747802734,105.69237518310547,105.54052734375,105.42853546142578,105.34264373779297,107.57296752929688,106.6745834350586,97.0
177,115.73979949951172,109.34483337402344,106.89421844482422,105.68077087402344,106.86881256103516,106.46791076660156,105.94722747802734,105.69237518310547,105.54052734375,105.42853546142578,105.34264373779297,107.57296752929688,106.6745834350586,77.0
178,115.73979949951172,109.34483337402344,106.89421844482422,105.68077087402344,106.86881256103516,106.46791076660156,105.94722747802734,105.69237518310547,105.54052734375,105.42853546142578,105.34264373779297,107.57296752929688,106.6745834350586,57.0
179,101.6655044555664,109.34483337402344,106.89421844482422,105.68077087402344,106.86881256103516,106.46791076660156,105.94722747802734,105.69237518310547,105.54052734375,105.42853546142578,105.34264373779297,107.57296752929688,106.6745834350586,37.0
180,102.38323211669922,110.79085540771484,109.54405975341797,108.35906982421875,109.25495147705078,109.04984283447266,108.56735229492188,108.30210876464844,108.14513397216797,108.03154754638672,107.94461822509766,109.9073715209961,109.279052734375,17.0
181,117.08136749267578,110.79085540771484,109.54405975341797,108.35906982421875,109.25495147705078,109.04984283447266,108.56735229492188,108.30210876464844,108.14513397216797,108.03154754638672,107.94461822509766,109.9073715209961,109.279052734375,150.0
182,117.08136749267578,110.79085540771484,109.54405975341797,108.35906982421875,109.25495147705078,109.04984283447266,108.56735229492188,108.30210876464844,108.14513397216797,108.03154754638672,107.94461822509766,109.9073715209961,109.279052734375,150.0
183,117.08136749267578,110.79085540771484,109.54405975341797,108.35906982421875,109.25495147705078,109.04984283447266,108.56735229492188,108.30210876464844,108.14513397216797,108.03154754638672,107.94461822509766,109.9073715209961,109.279052734375,148.0
184,117.08136749267578,110.79085540771484,109.54405975341797,108.35906982421875,109.25495147705078,109.04984283447266,108.56735229492188,108.30210876464844,108.14513397216797,108.03154754638672,107.94461822509766,109.9073715209961,109.279052734375,128.0
185,117.08136749267578,110.79085540771484,109.54405975341797,108.35906982421875,109.25495147705078,109.04984283447266,108.56735229492188,108.30210876464844,108.14513397216797,108.03154754638672,107.94461822509766,109.9073715209961,109.279052734375,108.0
186,117.08136749267578,110.79085540771484,109.54405975341797,108.35906982421875,109.25495147705078,109.04984283447266,108.56735229492188,108.30210876464844,108.14513397216797,108.03154754638672,107.94461822509766,109.9073715209961,109.279052734375,88.0
187,117.08136749267578,110.79085540771484,109.54405975341797,108.35906982421875,109.25495147705078,109.04984283447266,108.56735229492188,108.30210876464844,108.14513397216797,108.03154754638672,107.94461822509766,109.9073715209961,109.279052734375,68.0
188,102.38323211669922,110.79085540771484,109.54405975341797,108.35906982421875,109.25495147705078,109.04984283447266,108.56735229492188,108.30210876464844,108.14513397216797,108.03154754638672,107.94461822509766,109.9073715209961,109.279052734375,48.0
189,102.38323211669922,110.79085540771484,109.54405975341797,108.35906982421875,109.25495147705078,109.04984283447266,108.56735229492188,108.30210876464844,108.14513397216797,108.03154754638672,107.94461822509766,109.9073715209961,109.279052734375,28.0
190,100.52063751220703,109.8460464477539,109.88059997558594,108.8882064819336,109.35675048828125,109.38162994384766,109.00798034667969,108.77517700195312,108.63907623291016,108.54255676269531,108.46883392333984,109.8587875366211,109.59681701660156,8.0
191,115.79124450683594,109.8460464477539,109.88059997558594,108.8882064819336,109.35675048828125,109.38162994384766,109.00798034667969,108.77517700195312,108.63907623291016,108.54255676269531,108.46883392333984,109.8587875366211,109.59681701660156,150.0
192,115.79124450683594,109.8460464477539,109.88059997558594,108.8882064819336,109.35675048828125,109.38162994384766,109.00798034667969,108.77517700195312,108.63907623291016,108.54255676269531,108.46883392333984,109.8587875366211,109.59681701660156,150.0
193,115.79124450683594,109.8460464477539,109.88059997558594,108.8882064819336,109.35675048828125,109.38162994384766,109.00798034667969,108.77517700195312,108.63907623291016,108.54255676269531,108.46883392333984,109.8587875366211,109.59681701660156,150.0
194,115.79124450683594,109.8460464477539,109.88059997558594,108.8882064819336,109.35675048828125,109.38162994384766,109.00798034667969,108.77517700195312,108.63907623291016,108.54255676269531,108.46883392333984,109.8587875366211,109.59681701660156,133.0
195,115.79124450683594,109.8460464477539,109.88059997558594,108.8882064819336,109.35675048828125,109.38162994384766,109.00798034667969,108.77517700195312,108.63907623291016,108.54255676269531,108.46883392333984,109.8587875366211,109.59681701660156,113.0
196,115.79124450683594,109.8460464477539,109.88059997558594,108.8882064819336,109.35675048828125,109.38162994384766,109.00798034667969,108.77517700195312,108.63907623291016,108.54255676269531,108.46883392333984,109.8587875366211,109.59681701660156,93.0
197,100.52063751220703,109.8460464477539,109.88059997558594,108.8882064819336,109.35675048828125,109.38162994384766,109.00798034667969,108.77517700195312,108.63907623291016,108.54255676269531,108.46883392333984,109.8587875366211,109.59681701660156,73.0
198,100.52063751220703,109.8460464477539,109.88059997558594,108.8882064819336,109.35675048828125,109.38162994384766,109.00798034667969,108.77517700195312,108.63907623291016,108.54255676269531,108.46883392333984,109.8587875366211,109.59681701660156,53.0
199,100.52063751220703,109.8460464477539,109.88059997558594,108.8882064819336,109.35675048828125,109.38162994384766,109.00798034667969,108.77517700195312,108.63907623291016,108.54255676269531,108.46883392333984,109.8587875366211,109.59681701660156,33.0
200,97.02372741699219,107.16658782958984,108.38236999511719,107.70365142822266,107.68451690673828,107.93663024902344,107.7198486328125,107.55276489257812,107.45762634277344,107.39228820800781,107.34249877929688,107.97098541259766,108.10738372802734,13.0
201,112.85688018798828,107.16658782958984,108.38236999511719,107.70365142822266,107.68451690673828,107.93663024902344,107.7198486328125,107.55276489257812,107.45762634277344,107.39228820800781,107.34249877929688,107.97098541259766,108.10738372802734,150.0
202,112.85688018798828,107.16658782958984,108.38236999511719,107.70365142822266,107.68451690673828,107.93663024902344,107.7198486328125,107.55276489257812,107.45762634277344,107.39228820800781,107.34249877929688,107.97098541259766,108.10738372802734,150.0
203,112.85688018798828,107.16658782958984,108.38236999511719,107.70365142822266,107.68451690673828,107.93663024902344,107.7198486328125,107.55276489257812,107.45762634277344,107.39228820800781,107.34249877929688,107.97098541259766,108.10738372802734,150.0
204,112.85688018798828,107.16658782958984,108.38236999511719,107.70365142822266,107.68451690673828,107.93663024902344,107.7198486328125,107.55276489257812,107.45762634277344,107.39228820800781,107.34249877929688,107.97098541259766,108.10738372802734,133.0
205,112.85688018798828,107.16658782958984,108.38236999511719,107.70365142822266,107.68451690673828,107.93663024902344,107.7198486328125,107.55276489257812,107.45762634277344,107.39228820800781,107.34249877929688,107.97098541259766,108.10738372802734,113.0
206,112.85688018798828,107.16658782958984,108.38236999511719,107.70365142822266,107.68451690673828,107.93663024902344,107.7198486328125,107.55276489257812,107.45762634277344,107.39228820800781,107.34249877929688,107.97098541259766,108.10738372802734,93.0
207,97.02372741699219,107.16658782958984,108.38236999511719,107.70365142822266,107.68451690673828,107.93663024902344,107.7198486328125,107.55276489257812,107.45762634277344,107.39228820800781,107.34249877929688,107.97098541259766,108.10738372802734,73.0
208,97.02372741699219,107.16658782958984,108.38236999511719,107.70365142822266,107.68451690673828,107.93663024902344,107.7198486328125,107.55276489257812,107.45762634277344,107.39228820800781,107.34249877929688,107.97098541259766,108.10738372802734,53.0
209,97.02372741699219,107.16658782958984,108.38236999511719,107.70365142822266,107.68451690673828,107.93663024902344,107.7198486328125,107.55276489257812,107.45762634277344,107.39228820800781,107.34249877929688,107.97098541259766,108.10738372802734,33.0
210,92.52864837646484,103.3335189819336,105.48416137695312,105.18637084960938,104.69353485107422,105.13775634765625,105.09954833984375,105.01895904541016,104.97698974609375,104.95118713378906,104.93167877197266,104.7366943359375,105.24296569824219,13.0
211,108.92327117919922,103.3335189819336,105.48416137695312,105.18637084960938,104.69353485107422,105.13775634765625,105.09954833984375,105.01895904541016,104.97698974609375,104.95118713378906,104.93167877197266,104.7366943359375,105.24296569824219,146.0
212,108.92327117919922,103.3335189819336,105.48416137695312,105.18637084960938,104.69353485107422,105.13775634765625,105.09954833984375,105.01895904541016,104.97698974609375,104.95118713378906,104.93167877197266,104.7366943359375,105.24296569824219,126.0
213,108.92327117919922,103.3335189819336,105.48416137695312,105.18637084960938,104.69353485107422,105.13775634765625,105.09954833984375,105.01895904541016,104.97698974609375,104.95118713378906,104.93167877197266,104.7366943359375,105.24296569824219,106.0
214,108.92327117919922,103.3335189819336,105.48416137695312,105.18637084960938,104.69353485107422,105.13775634765625,105.09954833984375,105.01895904541016,104.97698974609375,104.95118713378906,104.93167877197266,104.7366943359375,105.24296569824219,86.0
215,108.92327117919922,103.3335189819336,105.48416137695312,105.18637084960938,104.69353485107422,105.13775634765625,105.09954833984375,105.01895904541016,104.97698974609375,104.95118713378906,104.93167877197266,104.7366943359375,105.24296569824219,66.0
216,108.59361267089844,103.3335189819336,105.48416137695312,105.18637084960938,104.69353485107422,105.13775634765625,105.09954833984375,105.01895904541016,104.97698974609375,104.95118713378906,104.93167877197266,104.7366943359375,105.24296569824219,46.0
217,92.52864837646484,103.3335189819336,105.48416137695312,105.18637084960938,104.69353485107422,105.13775634765625,105.09954833984375,105.01895904541016,104.97698974609375,104.95118713378906,104.93167877197266,104.7366943359375,105.24296569824219,26.0
218,92.52864837646484,103.3335189819336,105.48416137695312,105.18637084960938,104.69353485107422,105.13775634765625,105.09954833984375,105.01895904541016,104.97698974609375,104.95118713378906,104.93167877197266,104.7366943359375,105.24296569824219,6.0
219,108.92327117919922,103.3335189819336,105.48416137695312,105.18637084960938,104.69353485107422,105.13775634765625,105.09954833984375,105.01895904541016,104.97698974609375,104.95118713378906,104.93167877197266,104.7366943359375,105.24296569824219,150.0
220,101.91561889648438,96.52301788330078,99.30010223388672,99.41255950927734,98.47026062011719,99.07443237304688,99.22480010986328,99.24703979492188,99.26878356933594,99.28968048095703,99.30593872070312,98.26531219482422,99.09832000732422,150.0
221,101.91561889648438,96.52301788330078,99.30010223388672,99.41255950927734,98.47026062011719,99.07443237304688,99.22480010986328,99.24703979492188,99.26878356933594,99.28968048095703,99.30593872070312,98.26531219482422,99.09832000732422,150.0
222,101.91561889648438,96.52301788330078,99.30010223388672,99.41255950927734,98.47026062011719,99.07443237304688,99.22480010986328,99.24703979492188,99.26878356933594,99.28968048095703,99.30593872070312,98.26531219482422,99.09832000732422,130.0
223,101.91561889648438,96.52301788330078,99.30010223388672,99.41255950927734,98.47026062011719,99.07443237304688,99.22480010986328,99.24703979492188,99.26878356933594,99.28968048095703,99.30593872070312,98.26531219482422,99.09832000732422,110.0
224,101.91561889648438,96.52301788330078,99.30010223388672,99.41255950927734,98.47026062011719,99.07443237304688,99.22480010986328,99.24703979492188,99.26878356933594,99.28968048095703,99.30593872070312,98.26531219482422,99.09832000732422,90.0
225,85.03413391113281,96.52301788330078,99.30010223388672,99.41255950927734,98.47026062011719,99.07443237304688,99.22480010986328,99.24703979492188,99.26878356933594,99.28968048095703,99.30593872070312,98.26531219482422,99.09832000732422,70.0
226,85.03413391113281,96.52301788330078,99.30010223388672,99.41255950927734,98.47026062011719,99.07443237304688,99.22480010986328,99.24703979492188,99.26878356933594,99.28968048095703,99.30593872070312,98.26531219482422,99.09832000732422,50.0
227,85.03413391113281,96.52301788330078,99.30010223388672,99.41255950927734,98.47026062011719,99.07443237304688,99.22480010986328,99.24703979492188,99.26878356933594,99.28968048095703,99.30593872070312,98.26531219482422,99.09832000732422,30.0
228,85.03413391113281,96.52301788330078,99.30010223388672,99.41255950927734,98.47026062011719,99.07443237304688,99.22480010986328,99.24703979492188,99.26878356933594,99.28968048095703,99.30593872070312,98.26531219482422,99.09832000732422,10.0
229,101.91561889648438,96.52301788330078,99.30010223388672,99.41255950927734,98.47026062011719,99.07443237304688,99.22480010986328,99.24703979492188,99.26878356933594,99.28968048095703,99.30593872070312,98.26531219482422,99.09832000732422,150.0
230,84.63660430908203,90.06684875488281,93.06354522705078,93.53707885742188,92.29387664794922,92.97285461425781,93.27835845947266,93.39320373535156,93.47161865234375,93.53346252441406,93.58110046386719,91.88775634765625,92.91886901855469,150.0
231,84.6365966796875,90.06684875488281,93.06354522705078,93.53707885742188,92.29387664794922,92.97285461425781,93.27835845947266,93.39320373535156,93.47161865234375,93.53346252441406,93.58110046386719,91.88775634765625,92.91886901855469,150.0
232,84.6365966796875,90.06684875488281,93.06354522705078,93.53707885742188,92.29387664794922,92.97285461425781,93.27835845947266,93.39320373535156,93.47161865234375,93.53346252441406,93.58110046386719,91.88775634765625,92.91886901855469,150.0
233,84.6365966796875,90.06684875488281,93.06354522705078,93.53707885742188,92.29387664794922,92.97285461425781,93.27835845947266,93.39320373535156,93.47161865234375,93.53346252441406,93.58110046386719,91.88775634765625,92.91886901855469,131.0
234,84.6365966796875,90.06684875488281,93.06354522705078,93.53707885742188,92.29387664794922,92.97285461425781,93.27835845947266,93.39320373535156,93.47161865234375,93.53346252441406,93.58110046386719,91.88775634765625,92.91886901855469,111.0
235,78.13574981689453,90.06684875488281,93.06354522705078,93.53707885742188,92.29387664794922,92.97285461425781,93.27835845947266,93.39320373535156,93.47161865234375,93.53346252441406,93.58110046386719,91.88775634765625,92.91886901855469,91.0
236,78.13574981689453,90.06684875488281,93.06354522705078,93.53707885742188,92.29387664794922,92.97285461425781,93.27835845947266,93.39320373535156,93.47161865234375,93.53346252441406,93.58110046386719,91.88775634765625,92.91886901855469,71.0
237,78.13574981689453,90.06684875488281,93.06354522705078,93.53707885742188,92.29387664794922,92.97285461425781,93.27835845947266,93.39320373535156,93.47161865234375,93.53346252441406,93.58110046386719,91.88775634765625,92.91886901855469,51.0
238,78.13574981689453,90.06684875488281,93.06354522705078,93.53707885742188,92.29387664794922,92.97285461425781,93.27835845947266,93.39320373535156,93.47161865234375,93.53346252441406,93.58110046386719,91.88775634765625,92.91886901855469,31.0
239,84.63660430908203,90.06684875488281,93.06354522705078,93.53707885742188,92.29387664794922,92.97285461425781,93.27835845947266,93.39320373535156,93.47161865234375,93.53346252441406,93.58110046386719,91.88775634765625,92.91886901855469,150.0
240,93.28826904296875,86.63544464111328,89.40950775146484,90.13220977783203,88.82499694824219,89.458251953125,89.85166931152344,90.02716827392578,90.14089965820312,90.22755432128906,90.29410552978516,88.30738830566406,89.34609985351562,150.0
241,93.28826904296875,86.63544464111328,89.40950775146484,90.13220977783203,88.82499694824219,89.458251953125,89.85166931152344,90.02716827392578,90.14089965820312,90.22755432128906,90.29410552978516,88.30738830566406,89.34609985351562,139.0
242,93.28826904296875,86.63544464111328,89.40950775146484,90.13220977783203,88.82499694824219,89.458251953125,89.85166931152344,90.02716827392578,90.14089965820312,90.22755432128906,90.29410552978516,88.30738830566406,89.34609985351562,119.0
243,93.28826904296875,86.63544464111328,89.40950775146484,90.13220977783203,88.82499694824219,89.458251953125,89.85166931152344,90.02716827392578,90.14089965820312,90.22755432128906,90.29410552978516,88.30738830566406,89.34609985351562,99.0
244,93.28826904296875,86.63544464111328,89.40950775146484,90.13220977783203,88.82499694824219,89.458251953125,89.85166931152344,90.02716827392578,90.14089965820312,90.22755432128906,90.29410552978516,88.30738830566406,89.34609985351562,79.0
245,75.36248016357422,86.63544464111328,89.40950775146484,90.13162231445312,88.82499694824219,89.458251953125,89.85166931152344,90.02716827392578,90.14089965820312,90.22755432128906,90.29410552978516,88.30738830566406,89.34609985351562,59.0
246,75.36248016357422,86.63544464111328,89.40950775146484,90.13162231445312,88.82499694824219,89.458251953125,89.85166931152344,90.02716827392578,90.14089965820312,90.22755432128906,90.29410552978516,88.30738830566406,89.34609985351562,39.0
247,75.36248016357422,86.63544464111328,89.40950775146484,90.13162231445312,88.82499694824219,89.458251953125,89.85166931152344,90.02716827392578,90.14089965820312,90.22755432128906,90.29410552978516,88.30738830566406,89.34609985351562,19.0
248,93.28826904296875,86.63544464111328,89.40950775146484,90.13220977783203,88.82499694824219,89.458251953125,89.85166931152344,90.02716827392578,90.14089965820312,90.22755432128906,90.29410552978516,88.30738830566406,89.34609985351562,150.0
249,93.28826904296875,86.63544464111328,89.40950775146484,90.13220977783203,88.82499694824219,89.458251953125,89.85166931152344,90.02716827392578,90.14089965820312,90.22755432128906,90.29410552978516,88.30738830566406,89.34609985351562,145.0
250,92.89493560791016,85.23564147949219,87.43070220947266,89.15263366699219,87.10893249511719,87.60322570800781,88.0176773071289,88.22035217285156,88.34797668457031,88.44334411621094,88.5166015625,86.56830596923828,87.4562759399414,125.0
251,92.89493560791016,85.23564147949219,87.43070220947266,89.15263366699219,87.10893249511719,87.60322570800781,88.0176773071289,88.22035217285156,88.34797668457031,88.44334411621094,88.5166015625,86.56830596923828,87.4562759399414,105.0
252,92.89493560791016,85.23564147949219,87.43070220947266,89.15263366699219,87.10893249511719,87.60322570800781,88.0176773071289,88.22035217285156,88.34797668457031,88.44334411621094,88.5166015625,86.56830596923828,87.4562759399414,85.0
253,92.89493560791016,85.23564147949219,87.43070220947266,89.15263366699219,87.10893249511719,87.60322570800781,88.0176773071289,88.22035217285156,88.34797668457031,88.44334411621094,88.5166015625,86.56830596923828,87.4562759399414,65.0
254,74.3955307006836,85.23564147949219,87.43070220947266,89.15263366699219,87.10893249511719,87.60322570800781,88.0176773071289,88.22035217285156,88.34797668457031,88.44334411621094,88.5166015625,86.56830596923828,87.4562759399414,45.0
255,74.3955307006836,85.23564147949219,87.43070220947266,89.15263366699219,87.10893249511719,87.60322570800781,88.0176773071289,88.22035217285156,88.34797668457031,88.44334411621094,88.5166015625,86.56830596923828,87.4562759399414,25.0
256,74.3955307006836,85.23564147949219,87.43070220947266,89.15263366699219,87.10893249511719,87.60322570800781,88.0176773071289,88.22035217285156,88.34797668457031,88.44334411621094,88.5166015625,86.56830596923828,87.4562759399414,5.0
257,92.89493560791016,85.23564147949219,87.43070220947266,89.15263366699219,87.10893249511719,87.60322570800781,88.0176773071289,88.22035217285156,88.34797668457031,88.44334411621094,88.5166015625,86.56830596923828,87.4562759399414,150.0
258,92.89493560791016,85.23564147949219,87.43070220947266,89.15263366699219,87.10893249511719,87.60322570800781,88.0176773071289,88.22035217285156,88.34797668457031,88.44334411621094,88.5166015625,86.56830596923828,87.4562759399414,138.0
259,92.89493560791016,85.23564147949219,87.43070220947266,89.15263366699219,87.10893249511719,87.60322570800781,88.0176773071289,88.22035217285156,88.34797668457031,88.44334411621094,88.5166015625,86.56830596923828,87.4562759399414,118.0
260,92.44241333007812,84.08611297607422,85.48091125488281,86.62731170654297,85.434326171875,85.74246978759766,86.12492370605469,86.32779693603516,86.45274353027344,86.54475402832031,86.61540222167969,84.94183349609375,85.58238220214844,98.0
261,92.44241333007812,84.08611297607422,85.48091125488281,86.62731170654297,85.434326171875,85.74246978759766,86.12492370605469,86.32779693603516,86.45274353027344,86.54475402832031,86.61540222167969,84.94183349609375,85.58238220214844,78.0
262,92.44241333007812,84.08611297607422,85.48091125488281,86.62731170654297,85.434326171875,85.74246978759766,86.12492370605469,86.32779693603516,86.45274353027344,86.54475402832031,86.61540222167969,84.94183349609375,85.58238220214844,58.0
263,73.3647232055664,84.08611297607422,85.48091125488281,86.62731170654297,85.434326171875,85.74246978759766,86.12492370605469,86.32779693603516,86.45274353027344,86.54475402832031,86.61540222167969,84.94183349609375,85.58238220214844,38.0
264,73.3647232055664,84.08611297607422,85.48091125488281,86.62731170654297,85.434326171875,85.74246978759766,86.12492370605469,86.32779693603516,86.45274353027344,86.54475402832031,86.61540222167969,84.94183349609375,85.58238220214844,18.0
265,92.44241333007812,84.08611297607422,85.48091125488281,86.62731170654297,85.434326171875,85.74246978759766,86.12492370605469,86.32779693603516,86.45274353027344,86.54475402832031,86.61540222167969,84.94183349609375,85.58238220214844,150.0
266,92.44241333007812,84.08611297607422,85.48091125488281,86.62731170654297,85.434326171875,85.74246978759766,86.12492370605469,86.32779693603516,86.45274353027344,86.54475402832031,86.61540222167969,84.94183349609375,85.58238220214844,150.0
267,92.44241333007812,84.08611297607422,85.48091125488281,86.62731170654297,85.434326171875,85.74246978759766,86.12492370605469,86.32779693603516,86.45274353027344,86.54475402832031,86.61540222167969,84.94183349609375,85.58238220214844,150.0
268,92.44241333007812,84.08611297607422,85.48091125488281,86.62731170654297,85.434326171875,85.74246978759766,86.12492370605469,86.32779693603516,86.45274353027344,86.54475402832031,86.61540222167969,84.94183349609375,85.58238220214844,137.0
269,92.44241333007812,84.08611297607422,85.48091125488281,86.62731170654297,85.434326171875,85.74246978759766,86.12492370605469,86.32779693603516,86.45274353027344,86.54475402832031,86.61540222167969,84.94183349609375,85.58238220214844,117.0
270,93.50624084472656,85.01689147949219,85.48304748535156,86.73981475830078,85.71810913085938,85.79759216308594,86.09182739257812,86.26228332519531,86.36421203613281,86.43805694580078,86.4947509765625,85.34523010253906,85.65042877197266,97.0
271,73.82328033447266,85.01689147949219,85.48304748535156,86.73981475830078,85.71810913085938,85.79759216308594,86.09182739257812,86.26228332519531,86.36421203613281,86.43805694580078,86.4947509765625,85.34523010253906,85.65042877197266,77.0
272,73.82275390625,85.01689147949219,85.48304748535156,86.73981475830078,85.71810913085938,85.79759216308594,86.09182739257812,86.26228332519531,86.36421203613281,86.43805694580078,86.4947509765625,85.34523010253906,85.65042877197266,57.0
273,73.82275390625,85.01689147949219,85.48304748535156,86.73981475830078,85.71810913085938,85.79759216308594,86.09182739257812,86.26228332519531,86.36421203613281,86.43805694580078,86.4947509765625,85.34523010253906,85.65042877197266,37.0
274,73.82275390625,85.01689147949219,85.48304748535156,86.73981475830078,85.71810913085938,85.79759216308594,86.09182739257812,86.26228332519531,86.36421203613281,86.43805694580078,86.4947509765625,85.34523010253906,85.65042877197266,17.0
275,93.50624084472656,85.01689147949219,85.48304748535156,86.73981475830078,85.71810913085938,85.79759216308594,86.09182739257812,86.26228332519531,86.36421203613281,86.43805694580078,86.4947509765625,85.34523010253906,85.65042877197266,115.0
276,93.50624084472656,85.01689147949219,85.48304748535156,86.73981475830078,85.71810913085938,85.79759216308594,86.09182739257812,86.26228332519531,86.36421203613281,86.43805694580078,86.4947509765625,85.34523010253906,85.65042877197266,95.0
277,93.50624084472656,85.01689147949219,85.48304748535156,86.73981475830078,85.71810913085938,85.79759216308594,86.09182739257812,86.26228332519531,86.36421203613281,86.43805694580078,86.4947509765625,85.34523010253906,85.65042877197266,75.0
278,93.50624084472656,85.01689147949219,85.48304748535156,86.73981475830078,85.71810913085938,85.79759216308594,86.09182739257812,86.26228332519531,86.36421203613281,86.43805694580078,86.4947509765625,85.34523010253906,85.65042877197266,55.0
279,73.82275390625,85.01689147949219,85.48304748535156,86.73981475830078,85.71810913085938,85.79759216308594,86.09182739257812,86.26228332519531,86.36421203613281,86.43805694580078,86.4947509765625,85.34523010253906,85.65042877197266,35.0
280,91.76871490478516,83.41449737548828,83.02555847167969,83.6925277709961,83.44540405273438,83.33937072753906,83.53331756591797,83.66387176513672,83.74004364013672,83.7940673828125,83.83557891845703,83.21166229248047,83.21613311767578,15.0
281,92.17896270751953,83.41449737548828,83.02555847167969,83.6925277709961,83.44540405273438,83.33937072753906,83.53331756591797,83.66387176513672,83.74004364013672,83.7940673828125,83.83557891845703,83.21166229248047,83.21613311767578,150.0
282,92.17896270751953,83.41449737548828,83.02555847167969,83.6925277709961,83.44540405273438,83.33937072753906,83.53331756591797,83.66387176513672,83.74004364013672,83.7940673828125,83.83557891845703,83.21166229248047,83.21613311767578,150.0
283,92.17896270751953,83.41449737548828,83.02555847167969,83.6925277709961,83.44540405273438,83.33937072753906,83.53331756591797,83.66387176513672,83.74004364013672,83.7940673828125,83.83557891845703,83.21166229248047,83.21613311767578,150.0
284,92.17896270751953,83.41449737548828,83.02555847167969,83.6925277709961,83.44540405273438,83.33937072753906,83.53331756591797,83.66387176513672,83.74004364013672,83.7940673828125,83.83557891845703,83.21166229248047,83.21613311767578,150.0
285,92.17896270751953,83.41449737548828,83.02555847167969,83.6925277709961,83.44540405273438,83.33937072753906,83.53331756591797,83.66387176513672,83.74004364013672,83.7940673828125,83.83557891845703,83.21166229248047,83.21613311767578,150.0
286,92.17896270751953,83.41449737548828,83.02555847167969,83.6925277709961,83.44540405273438,83.33937072753906,83.53331756591797,83.66387176513672,83.74004364013672,83.7940673828125,83.83557891845703,83.21166229248047,83.21613311767578,150.0
287,91.76944732666016,83.41449737548828,83.02555847167969,83.6925277709961,83.44540405273438,83.33937072753906,83.53331756591797,83.66387176513672,83.74004364013672,83.7940673828125,83.83557891845703,83.21166229248047,83.21613311767578,150.0
288,91.76871490478516,83.41449737548828,83.02555847167969,83.6925277709961,83.44540405273438,83.33937072753906,83.53331756591797,83.66387176513672,83.74004364013672,83.7940673828125,83.83557891845703,83.21166229248047,83.21613311767578,150.0
289,91.76871490478516,83.41449737548828,83.02555847167969,83.6925277709961,83.44540405273438,83.33937072753906,83.53331756591797,83.66387176513672,83.74004364013672,83.7940673828125,83.83557891845703,83.21166229248047,83.21613311767578,150.0
290,96.82378387451172,88.7507095336914,87.54570007324219,88.09457397460938,88.17778778076172,87.84489440917969,87.88362121582031,87.93519592285156,87.95947265625,87.97449493408203,87.98607635498047,88.13436126708984,87.7757568359375,141.0
291,96.82378387451172,88.7507095336914,87.54570007324219,88.09457397460938,88.17778778076172,87.84489440917969,87.88362121582031,87.93519592285156,87.95947265625,87.97449493408203,87.98607635498047,88.13436126708984,87.7757568359375,150.0
292,96.82378387451172,88.7507095336914,87.54570007324219,88.09457397460938,88.17778778076172,87.84489440917969,87.88362121582031,87.93519592285156,87.95947265625,87.97449493408203,87.98607635498047,88.13436126708984,87.7757568359375,150.0
293,96.82378387451172,88.7507095336914,87.54570007324219,88.09457397460938,88.17778778076172,87.84489440917969,87.88362121582031,87.93519592285156,87.95947265625,87.97449493408203,87.98607635498047,88.13436126708984,87.7757568359375,150.0
294,96.82378387451172,88.7507095336914,87.54570007324219,88.09457397460938,88.17778778076172,87.84489440917969,87.88362121582031,87.93519592285156,87.95947265625,87.97449493408203,87.98607635498047,88.13436126708984,87.7757568359375,150.0
295,96.82378387451172,88.7507095336914,87.54570007324219,88.09457397460938,88.17778778076172,87.84489440917969,87.88362121582031,87.93519592285156,87.95947265625,87.97449493408203,87.98607635498047,88.13436126708984,87.7757568359375,150.0
296,96.82378387451172,88.7507095336914,87.54570007324219,88.09457397460938,88.17778778076172,87.84489440917969,87.88362121582031,87.93519592285156,87.95947265625,87.97449493408203,87.98607635498047,88.13436126708984,87.7757568359375,138.0
297,96.82378387451172,88.7507095336914,87.54570007324219,88.09457397460938,88.17778778076172,87.84489440917969,87.88362121582031,87.93519592285156,87.95947265625,87.97449493408203,87.98607635498047,88.13436126708984,87.7757568359375,118.0
298,96.82378387451172,88.7507095336914,87.54570007324219,88.09457397460938,88.17778778076172,87.84489440917969,87.88362121582031,87.93519592285156,87.95947265625,87.97449493408203,87.98607635498047,88.13436126708984,87.7757568359375,98.0
299,96.82378387451172,88.7507095336914,87.54570007324219,88.09457397460938,88.17778778076172,87.84489440917969,87.88362121582031,87.93519592285156,87.95947265625,87.97449493408203,87.98607635498047,88.13436126708984,87.7757568359375,78.0
300,105.6168441772461,99.0712661743164,97.21544647216797,97.77640533447266,98.03489685058594,97.48918914794922,97.35343170166016,97.3071060180664,97.26677703857422,97.23358154296875,97.2080078125,98.18698120117188,97.49186706542969,58.0
