,0,1,2,3,4,5,6,7,8,9,10,11,12,13,14
0,93.01985168457031,91.6855697631836,92.13177490234375,91.86849975585938,91.31283569335938,92.099365234375,92.33466339111328,91.50761413574219,91.33929443359375,91.58279418945312,94.0386962890625,91.57794189453125,91.42404174804688,92.4852066040039,150.0
1,93.01985168457031,91.6855697631836,92.13177490234375,91.86849975585938,91.31283569335938,92.099365234375,92.33466339111328,91.50761413574219,91.33929443359375,91.58279418945312,94.0386962890625,91.57794189453125,91.42404174804688,92.4852066040039,150.0
2,93.01985168457031,91.6855697631836,92.13177490234375,91.86849975585938,91.31283569335938,92.099365234375,92.33466339111328,91.50761413574219,91.33929443359375,91.58279418945312,94.0386962890625,91.57794189453125,91.42404174804688,92.4852066040039,141.0
3,93.01985168457031,91.6855697631836,92.13177490234375,91.86849975585938,91.31283569335938,92.099365234375,92.33466339111328,99.84294128417969,95.70758819580078,91.58279418945312,94.0386962890625,92.13218688964844,91.42404174804688,92.4852066040039,121.0
4,93.01985168457031,91.6855697631836,92.13177490234375,91.86849975585938,91.31283569335938,92.099365234375,92.33466339111328,101.20384979248047,97.7071762084961,91.58279418945312,94.0386962890625,93.67343139648438,92.36874389648438,92.4852066040039,101.0
5,93.01985168457031,91.6855697631836,92.13177490234375,91.86849975585938,91.31283569335938,92.099365234375,92.33466339111328,96.9866943359375,93.93876647949219,91.58279418945312,94.0386962890625,91.57794189453125,91.42404174804688,92.4852066040039,81.0
6,93.01985168457031,91.6855697631836,92.13177490234375,91.86849975585938,91.31283569335938,92.099365234375,92.33466339111328,91.50761413574219,91.33929443359375,91.58279418945312,94.0386962890625,91.57794189453125,91.42404174804688,92.4852066040039,61.0
7,89.98751831054688,88.87445068359375,89.22022247314453,88.73651123046875,87.98910522460938,88.61215209960938,88.8095474243164,88.06840515136719,87.49810791015625,87.6494140625,90.17650604248047,87.78128814697266,87.43838500976562,88.51081848144531,41.0
8,89.98751831054688,88.87445068359375,89.22022247314453,88.73651123046875,87.98910522460938,88.61215209960938,88.8095474243164,88.06840515136719,87.49810791015625,87.6494140625,90.17650604248047,87.78128814697266,87.43838500976562,88.51081848144531,21.0
9,89.98751831054688,88.87445068359375,89.22022247314453,88.73651123046875,87.98910522460938,88.61215209960938,88.8095474243164,88.06840515136719,87.49810791015625,87.6494140625,90.17650604248047,87.78128814697266,87.43838500976562,88.51081848144531,1.0
10,98.27409362792969,91.1158676147461,91.6661605834961,93.41866302490234,90.7987289428711,91.50801086425781,91.7757339477539,107.78302764892578,103.90872192382812,90.64240264892578,93.51360321044922,92.4030532836914,92.38746643066406,91.94384002685547,150.0
11,92.4749984741211,91.1158676147461,91.6661605834961,91.49642944335938,90.7987289428711,91.50801086425781,91.7757339477539,101.3378677368164,96.82267761230469,90.64240264892578,93.51360321044922,91.18984985351562,90.78943634033203,91.94384002685547,150.0
12,92.4749984741211,91.1158676147461,91.6661605834961,91.49642944335938,90.7987289428711,91.50801086425781,91.7757339477539,95.38483428955078,91.12164306640625,90.64240264892578,93.51360321044922,91.18984985351562,90.78943634033203,91.94384002685547,150.0
13,92.4749984741211,91.1158676147461,91.6661605834961,91.49642944335938,90.7987289428711,91.50801086425781,91.7757339477539,91.31132507324219,91.12164306640625,90.64240264892578,93.51360321044922,91.18984985351562,90.78943634033203,91.94384002685547,142.0
14,92.4749984741211,91.1158676147461,91.6661605834961,91.49642944335938,90.7987289428711,91.50801086425781,91.7757339477539,91.31132507324219,91.12164306640625,90.64240264892578,93.51360321044922,91.18984985351562,90.78943634033203,91.94384002685547,122.0
15,92.4749984741211,91.1158676147461,91.6661605834961,91.49642944335938,90.7987289428711,91.50801086425781,91.7757339477539,91.31132507324219,91.12164306640625,90.64240264892578,93.51360321044922,91.18984985351562,90.78943634033203,91.94384002685547,102.0
16,92.4749984741211,91.1158676147461,91.6661605834961,91.49642944335938,90.7987289428711,91.50801086425781,91.7757339477539,91.31132507324219,91.12164306640625,90.64240264892578,93.51360321044922,91.18984985351562,90.78943634033203,91.94384002685547,82.0
17,89.51204681396484,88.3881607055664,90.60833740234375,88.36172485351562,87.5446548461914,88.11688232421875,88.69310760498047,87.7917251586914,87.22634887695312,86.97930145263672,89.68974304199219,87.39237213134766,86.9362564086914,91.07553100585938,62.0
18,89.51204681396484,88.3881607055664,88.79226684570312,88.36172485351562,87.5446548461914,88.11688232421875,88.32588195800781,87.7917251586914,87.22634887695312,86.97930145263672,89.68974304199219,87.39237213134766,86.9362564086914,88.68973541259766,42.0
19,89.51204681396484,88.3881607055664,88.79226684570312,88.36172485351562,87.5446548461914,88.11688232421875,88.32588195800781,87.7917251586914,87.22634887695312,86.97930145263672,89.68974304199219,87.39237213134766,86.9362564086914,92.45782470703125,22.0
20,92.16064453125,90.80393981933594,91.43862915039062,91.3525390625,90.54287719726562,91.17386627197266,91.47024536132812,91.27664184570312,91.09806823730469,90.01446533203125,93.20736694335938,91.03972625732422,90.42642974853516,91.6503677368164,150.0
21,92.16064453125,90.80393981933594,91.43862915039062,91.3525390625,90.54287719726562,91.17386627197266,91.47024536132812,95.80923461914062,91.28872680664062,90.01446533203125,93.20736694335938,91.03972625732422,90.42642974853516,91.6503677368164,130.0
22,94.58294677734375,90.80393981933594,91.43862915039062,92.84737396240234,90.91717529296875,91.17386627197266,91.47024536132812,105.06116485595703,101.79794311523438,90.01446533203125,93.20736694335938,94.02787017822266,94.7622299194336,91.6503677368164,110.0
23,92.16064453125,90.80393981933594,91.43862915039062,91.3525390625,90.54287719726562,91.17386627197266,91.47024536132812,99.14091491699219,95.99373626708984,90.01446533203125,93.20736694335938,91.03972625732422,90.57772064208984,91.6503677368164,90.0
24,92.16064453125,90.80393981933594,91.43862915039062,91.3525390625,90.54287719726562,91.17386627197266,91.47024536132812,91.27664184570312,91.09806823730469,90.01446533203125,93.20736694335938,91.03972625732422,90.42642974853516,91.6503677368164,70.0
25,92.16064453125,90.80393981933594,91.43862915039062,91.3525390625,90.54287719726562,91.17386627197266,91.47024536132812,91.27664184570312,91.09806823730469,90.01446533203125,93.20736694335938,91.03972625732422,90.42642974853516,91.6503677368164,50.0
26,89.2260513305664,88.1162109375,91.43862915039062,88.33007049560547,87.3160629272461,87.83482360839844,90.7246322631836,87.66622161865234,87.1258316040039,86.55174255371094,89.39205169677734,87.20924377441406,86.65625762939453,87.79926300048828,30.0
27,89.2260513305664,88.1162109375,88.56426239013672,88.1842041015625,87.3160629272461,87.83482360839844,88.0508041381836,87.66622161865234,87.1258316040039,86.55174255371094,89.39205169677734,87.20924377441406,86.65625762939453,87.79926300048828,10.0
28,92.16064453125,90.80393981933594,91.43862915039062,91.3525390625,90.54287719726562,91.17386627197266,91.47024536132812,91.27664184570312,91.09806823730469,90.01446533203125,93.20736694335938,91.03972625732422,90.42642974853516,91.6503677368164,150.0
29,92.16064453125,90.80393981933594,91.43862915039062,91.3525390625,90.54287719726562,91.17386627197266,91.47024536132812,91.27664184570312,91.09806823730469,90.01446533203125,93.20736694335938,91.03972625732422,90.42642974853516,91.6503677368164,150.0
30,108.66108703613281,102.6313705444336,102.79547882080078,105.2742919921875,103.41332244873047,102.36111450195312,102.12063598632812,111.96680450439453,110.86026000976562,96.06013488769531,103.29560852050781,104.90904998779297,104.70674133300781,96.73818969726562,150.0
31,123.73463439941406,116.80577087402344,116.739990234375,118.99913024902344,117.21550750732422,116.5500717163086,116.67398834228516,123.40178680419922,123.677978515625,110.4913101196289,117.71043395996094,118.95524597167969,117.73173522949219,113.05584716796875,150.0
32,130.11424255371094,123.36469268798828,123.4395980834961,125.35831451416016,123.70984649658203,123.48809814453125,124.0505142211914,127.72639465332031,128.6864013671875,118.0609130859375,125.22325134277344,125.87488555908203,123.77047729492188,122.32403564453125,150.0
33,131.90760803222656,125.96299743652344,126.34321594238281,127.73080444335938,126.20601654052734,126.44935607910156,127.48568725585938,127.78744506835938,129.0882110595703,121.88536834716797,128.8892364501953,128.69671630859375,125.66581726074219,127.74772644042969,150.0
34,133.2224884033203,128.25555419921875,128.8997802734375,129.4955596923828,128.013671875,128.70797729492188,130.2149658203125,126.43184661865234,128.0861053466797,125.08110046386719,131.7634735107422,130.44955444335938,126.26065063476562,132.5318603515625,136.0
35,138.16653442382812,133.89718627929688,134.55816650390625,134.0315704345703,132.44248962402344,133.5381622314453,135.47381591796875,124.8437728881836,120.32810974121094,127.6873550415039,136.90106201171875,134.162109375,125.505615234375,139.88140869140625,116.0
36,130.96237182617188,137.1421661376953,144.51478576660156,137.10983276367188,132.72421264648438,135.86624145507812,142.49525451660156,112.93450927734375,104.48479461669922,123.64555358886719,138.2421417236328,131.9532470703125,118.14332580566406,145.66575622558594,96.0
37,115.5118179321289,130.40667724609375,142.17715454101562,129.70042419433594,124.13614654541016,129.44525146484375,139.32603454589844,94.72412872314453,87.06324005126953,116.58924865722656,136.25125122070312,126.690673828125,106.85850524902344,148.7230987548828,76.0
38,91.91439819335938,90.58489990234375,91.28204345703125,91.27596282958984,90.3794174194336,90.93096160888672,91.24575805664062,91.2494125366211,91.10694885253906,89.52946472167969,92.95626831054688,90.95999908447266,90.16297912597656,91.43698120117188,150.0
39,91.91439819335938,90.58489990234375,91.28204345703125,91.27596282958984,90.3794174194336,90.93096160888672,91.24575805664062,91.2494125366211,91.10694885253906,89.52946472167969,92.95626831054688,90.95999908447266,90.16297912597656,91.43698120117188,150.0
40,94.57119750976562,91.13126373291016,92.55491638183594,95.764892578125,94.45622253417969,93.808837890625,93.94222259521484,104.64678192138672,102.55953979492188,89.52162170410156,95.32721710205078,97.62065887451172,98.57373046875,91.41777801513672,135.0
41,99.53042602539062,95.46070098876953,96.62519836425781,99.77969360351562,98.33448028564453,97.62648010253906,97.6865463256836,108.15873718261719,106.55635070800781,91.1572265625,99.08482360839844,101.33805847167969,102.01498413085938,92.2077865600586,115.0
42,93.42919921875,90.6702651977539,91.36270904541016,94.02906799316406,92.54761505126953,91.88447570800781,91.99957275390625,101.82691192626953,100.15398406982422,89.52162170410156,93.88015747070312,95.61161041259766,96.19371032714844,91.41777801513672,95.0
43,91.95263671875,90.6702651977539,91.35934448242188,91.47517395019531,90.55300903320312,91.00714111328125,91.27216339111328,91.63200378417969,91.53424072265625,89.52162170410156,92.958984375,91.1810302734375,90.34925842285156,91.41777801513672,75.0
44,91.95263671875,90.6702651977539,91.35934448242188,91.47517395019531,90.55300903320312,91.00714111328125,91.27216339111328,91.63200378417969,91.53424072265625,89.52162170410156,92.958984375,91.1810302734375,90.34925842285156,91.41777801513672,55.0
45,88.97877502441406,87.95472717285156,88.4173812866211,88.15359497070312,87.25507354736328,87.65315246582031,87.82981872558594,87.74832916259766,87.3067626953125,86.23806762695312,89.09458923339844,87.18655395507812,86.56167602539062,87.59012603759766,35.0
46,88.97877502441406,87.95472717285156,88.4173812866211,88.15359497070312,87.25507354736328,87.65315246582031,87.82981872558594,87.74832916259766,87.3067626953125,86.23806762695312,89.09458923339844,87.18655395507812,86.56167602539062,87.59012603759766,15.0
47,93.09918212890625,90.6702651977539,91.35934448242188,91.47517395019531,90.55300903320312,91.00714111328125,91.27216339111328,103.74285125732422,102.10055541992188,89.52162170410156,92.958984375,91.1810302734375,93.4909896850586,91.41777801513672,148.0
48,91.95263671875,90.6702651977539,91.35934448242188,91.47517395019531,90.55300903320312,91.00714111328125,91.27216339111328,99.52525329589844,97.55976104736328,89.52162170410156,92.958984375,91.1810302734375,90.81777954101562,91.41777801513672,128.0
49,91.95263671875,90.6702651977539,91.35934448242188,91.47517395019531,90.55300903320312,91.00714111328125,91.27216339111328,92.14053344726562,91.53424072265625,89.52162170410156,92.958984375,91.1810302734375,90.34925842285156,91.41777801513672,108.0
50,91.95079803466797,90.7484359741211,91.41722106933594,91.62542724609375,90.69867706298828,91.06346130371094,91.27993774414062,91.844482421875,91.80964660644531,89.54252624511719,92.91809844970703,91.34477233886719,90.47842407226562,91.40005493164062,88.0
51,91.95079803466797,90.7484359741211,91.41722106933594,91.62542724609375,90.69867706298828,91.06346130371094,91.27993774414062,91.844482421875,91.80964660644531,89.54252624511719,92.91809844970703,91.34477233886719,90.47842407226562,91.40005493164062,68.0
52,91.95079803466797,90.7484359741211,91.41722106933594,91.62542724609375,90.69867706298828,91.06346130371094,91.27993774414062,91.844482421875,91.80964660644531,89.54252624511719,92.91809844970703,91.34477233886719,90.47842407226562,91.40005493164062,48.0
53,88.9359130859375,87.98693084716797,88.42715454101562,88.21101379394531,87.33001708984375,87.6680908203125,87.80750274658203,87.82679748535156,87.45370483398438,86.26995086669922,89.01677703857422,87.2493896484375,86.63203430175781,87.57457733154297,28.0
54,88.9359130859375,87.98693084716797,88.42715454101562,88.21101379394531,87.33001708984375,87.6680908203125,87.80750274658203,87.82679748535156,87.45370483398438,86.26995086669922,89.01677703857422,87.2493896484375,86.63203430175781,87.57457733154297,8.0
55,91.95079803466797,90.7484359741211,91.41722106933594,91.62542724609375,90.69867706298828,91.06346130371094,91.27993774414062,91.844482421875,91.80964660644531,89.54252624511719,92.91809844970703,91.34477233886719,90.47842407226562,91.40005493164062,150.0
56,91.95079803466797,90.7484359741211,91.41722106933594,91.62542724609375,90.69867706298828,91.06346130371094,91.27993774414062,91.844482421875,91.80964660644531,89.54252624511719,92.91809844970703,91.34477233886719,90.47842407226562,91.40005493164062,150.0
57,91.95079803466797,90.7484359741211,91.41722106933594,91.62542724609375,90.69867706298828,91.06346130371094,91.27993774414062,93.683837890625,91.83958435058594,89.54252624511719,92.91809844970703,91.34477233886719,90.47842407226562,91.40005493164062,139.0
58,92.21923065185547,90.7484359741211,91.96207427978516,94.80797576904297,93.76055908203125,93.36531066894531,93.73670959472656,101.66787719726562,100.51522827148438,89.54252624511719,95.3849868774414,97.38951110839844,98.11282348632812,91.40005493164062,119.0
59,93.97906494140625,91.83985900878906,93.2827377319336,95.87350463867188,94.65348815917969,94.20233154296875,94.55451965332031,101.99465942382812,101.12397766113281,89.54252624511719,96.404052734375,98.14277648925781,98.46490478515625,91.40005493164062,99.0
60,92.7118148803711,91.39798736572266,92.57594299316406,94.35807800292969,92.95492553710938,92.45748901367188,92.86129760742188,97.62046813964844,97.40438842773438,89.57223510742188,94.84321594238281,95.86420440673828,95.43648529052734,91.36528778076172,79.0
61,93.64852142333984,92.18932342529297,93.18351745605469,94.01239013671875,92.07998657226562,91.64083099365234,92.3067855834961,94.66790771484375,94.01884460449219,89.57223510742188,94.7484359741211,94.31163787841797,91.97053527832031,91.83240509033203,59.0
62,88.87127685546875,88.00757598876953,88.41712188720703,88.23494720458984,87.38311767578125,87.66441345214844,87.76703643798828,87.84681701660156,87.54237365722656,86.30948638916016,88.9041519165039,87.27608489990234,86.67280578613281,87.5475845336914,39.0
63,88.87127685546875,88.00757598876953,88.41712188720703,88.23494720458984,87.38311767578125,87.66441345214844,87.76703643798828,87.84681701660156,87.54237365722656,86.30948638916016,88.9041519165039,87.27608489990234,86.67280578613281,87.5475845336914,19.0
64,91.91287994384766,90.80647277832031,91.44413757324219,91.72329711914062,90.80917358398438,91.09000396728516,91.25845336914062,91.96343994140625,91.99385833740234,89.57223510742188,92.82501220703125,91.44966888427734,90.56061553955078,91.36528778076172,136.0
65,91.91287994384766,90.80647277832031,91.44413757324219,91.72329711914062,90.80917358398438,91.09000396728516,91.25845336914062,91.96343994140625,91.99385833740234,89.57223510742188,92.82501220703125,91.44966888427734,90.56061553955078,91.36528778076172,116.0
66,91.91287994384766,90.80647277832031,91.44413757324219,91.72329711914062,90.80917358398438,91.09000396728516,91.25845336914062,91.96343994140625,91.99385833740234,89.57223510742188,92.82501220703125,91.44966888427734,90.56061553955078,91.36528778076172,96.0
67,91.91287994384766,90.80647277832031,91.44413757324219,91.72329711914062,90.80917358398438,91.09000396728516,91.25845336914062,91.96343994140625,91.99385833740234,89.57223510742188,92.82501220703125,91.44966888427734,90.56061553955078,91.36528778076172,76.0
68,91.91287994384766,90.80647277832031,91.44413757324219,91.72329711914062,90.80917358398438,91.09000396728516,91.25845336914062,91.96343994140625,91.99385833740234,89.57223510742188,92.82501220703125,91.44966888427734,90.56061553955078,91.36528778076172,56.0
69,91.91287994384766,90.80647277832031,91.44413757324219,91.72329711914062,90.80917358398438,91.09000396728516,91.25845336914062,91.38748931884766,87.54237365722656,86.84285736083984,92.82501220703125,91.24844360351562,87.27051544189453,91.36528778076172,36.0
70,88.53295135498047,87.7636489868164,88.1346435546875,87.9768295288086,87.16796112060547,87.39572143554688,87.46151733398438,87.57865905761719,87.34392547607422,86.11041259765625,88.50794982910156,87.02367401123047,86.45234680175781,87.2566909790039,16.0
71,91.51261901855469,90.53075408935547,91.12788391113281,91.4537582397461,90.57508087158203,90.7800064086914,90.9012451171875,91.69723510742188,91.79776763916016,89.31476593017578,92.37116241455078,91.18804168701172,90.30982971191406,91.00355529785156,150.0
72,91.51261901855469,90.53075408935547,91.12788391113281,91.4537582397461,90.57508087158203,90.7800064086914,90.9012451171875,91.69723510742188,91.79776763916016,89.31476593017578,92.37116241455078,91.18804168701172,90.30982971191406,91.00355529785156,150.0
73,91.51261901855469,90.53075408935547,91.12788391113281,91.4537582397461,90.57508087158203,90.7800064086914,90.9012451171875,91.69723510742188,91.79776763916016,89.31476593017578,92.37116241455078,91.18804168701172,90.30982971191406,91.00355529785156,134.0
74,91.51261901855469,90.53075408935547,91.12788391113281,91.4537582397461,90.57508087158203,90.7800064086914,90.9012451171875,91.69723510742188,91.79776763916016,89.31476593017578,92.37116241455078,91.18804168701172,90.30982971191406,91.00355529785156,114.0
75,91.51261901855469,90.53075408935547,91.12788391113281,91.4537582397461,90.57508087158203,90.7800064086914,90.9012451171875,91.69723510742188,91.79776763916016,89.31476593017578,92.37116241455078,91.18804168701172,90.30982971191406,91.00355529785156,94.0
76,92.65666961669922,91.35933685302734,91.87062072753906,93.02281951904297,91.32817077636719,90.7800064086914,90.9012451171875,94.1159439086914,94.72731018066406,89.31476593017578,92.37116241455078,92.68768310546875,92.44332885742188,91.00355529785156,74.0
77,88.53295135498047,87.7636489868164,88.1346435546875,87.9768295288086,87.16796112060547,87.39572143554688,87.46151733398438,87.57865905761719,87.34392547607422,86.11041259765625,90.00543212890625,89.1244888305664,86.45234680175781,87.59515380859375,54.0
78,88.53295135498047,87.7636489868164,88.1346435546875,87.9768295288086,87.16796112060547,87.39572143554688,87.46151733398438,87.57865905761719,87.34392547607422,86.11041259765625,88.50794982910156,87.02367401123047,86.45234680175781,87.2566909790039,34.0
79,88.53295135498047,87.7636489868164,88.1346435546875,87.9768295288086,87.16796112060547,87.39572143554688,87.46151733398438,87.57865905761719,87.34392547607422,86.11041259765625,88.50794982910156,87.02367401123047,86.45234680175781,87.2566909790039,14.0
80,91.03175354003906,90.18241882324219,90.7347640991211,91.0949935913086,90.26551818847656,90.40103149414062,90.47869873046875,91.33697509765625,91.49759674072266,89.00933837890625,91.83528137207031,90.84001159667969,89.99024963378906,90.57666015625,150.0
81,91.03175354003906,90.18241882324219,90.7347640991211,91.0949935913086,90.26551818847656,90.40103149414062,90.47869873046875,91.33697509765625,91.49759674072266,89.00933837890625,91.83528137207031,90.84001159667969,89.99024963378906,90.57666015625,150.0
82,91.03175354003906,90.18241882324219,90.7347640991211,91.0949935913086,90.26551818847656,90.40103149414062,90.47869873046875,91.33697509765625,91.49759674072266,89.00933837890625,91.83528137207031,90.84001159667969,89.99024963378906,90.57666015625,150.0
83,91.03175354003906,90.18241882324219,90.7347640991211,91.0949935913086,90.26551818847656,90.40103149414062,90.47869873046875,91.33697509765625,91.49759674072266,89.00933837890625,91.83528137207031,90.84001159667969,90.24441528320312,90.57666015625,136.0
84,91.03175354003906,90.18241882324219,90.7347640991211,91.0949935913086,90.26551818847656,90.40103149414062,90.47869873046875,91.33697509765625,91.49759674072266,89.00933837890625,91.83528137207031,90.84001159667969,90.55577087402344,90.57666015625,116.0
85,91.03175354003906,90.18241882324219,90.7347640991211,91.0949935913086,90.26551818847656,90.40103149414062,90.47869873046875,91.33697509765625,91.49759674072266,89.00933837890625,91.83528137207031,90.84001159667969,90.24739837646484,90.57666015625,96.0
86,94.43234252929688,93.23806762695312,94.39959716796875,95.2354507446289,93.13069152832031,92.76856994628906,93.7076187133789,94.84382629394531,93.32410430908203,89.89572143554688,95.97833251953125,95.19969177246094,91.46147918701172,94.465576171875,76.0
87,88.13273620605469,87.46147155761719,88.88250732421875,87.65156555175781,86.89459228515625,87.07223510742188,87.7173843383789,87.24320983886719,87.07076263427734,85.8691635131836,89.96561431884766,86.7083740234375,86.17845153808594,94.66084289550781,56.0
88,88.13273620605469,87.46147155761719,87.79064178466797,87.65156555175781,86.89459228515625,87.07223510742188,87.10346984863281,87.24320983886719,87.07076263427734,85.8691635131836,88.04769897460938,86.7083740234375,86.17845153808594,92.49952697753906,36.0
89,88.13273620605469,87.46147155761719,87.79064178466797,87.65156555175781,86.89459228515625,87.07223510742188,87.10346984863281,87.24320983886719,87.07076263427734,85.8691635131836,88.04769897460938,86.7083740234375,86.17845153808594,92.0884017944336,16.0
90,90.72843170166016,90.0064697265625,90.5113525390625,90.89860534667969,90.12757873535156,90.19873046875,90.23698425292969,91.14012908935547,91.35845184326172,88.89111328125,91.46823120117188,90.65951538085938,89.8489990234375,90.30750274658203,150.0
91,90.72843170166016,90.0064697265625,90.5113525390625,90.89860534667969,90.12757873535156,90.19873046875,90.23698425292969,91.14012908935547,91.35845184326172,88.89111328125,91.46823120117188,90.65951538085938,89.8489990234375,90.30750274658203,150.0
92,90.72843170166016,90.0064697265625,90.5113525390625,90.89860534667969,90.12757873535156,90.19873046875,90.23698425292969,91.14012908935547,91.35845184326172,88.89111328125,91.46823120117188,90.65951538085938,89.8489990234375,90.30750274658203,150.0
93,90.72843170166016,90.0064697265625,90.5113525390625,90.89860534667969,90.12757873535156,90.19873046875,90.23698425292969,91.14012908935547,91.35845184326172,88.89111328125,91.46823120117188,90.65951538085938,89.8489990234375,90.30750274658203,134.0
94,90.72843170166016,90.0064697265625,90.5113525390625,90.89860534667969,90.12757873535156,90.19873046875,90.23698425292969,91.14012908935547,91.35845184326172,88.89111328125,91.46823120117188,90.65951538085938,89.8489990234375,90.30750274658203,114.0
95,90.72843170166016,90.0064697265625,90.5113525390625,90.89860534667969,90.12757873535156,90.19873046875,90.23698425292969,91.14012908935547,91.35845184326172,88.89111328125,91.46823120117188,90.65951538085938,89.8489990234375,90.30750274658203,94.0
96,90.72843170166016,90.0064697265625,90.5113525390625,90.89860534667969,90.12757873535156,90.19873046875,90.23698425292969,91.14012908935547,91.35845184326172,88.89111328125,91.46823120117188,90.65951538085938,89.8489990234375,90.30750274658203,74.0
97,87.87776947021484,87.30508422851562,87.58840942382812,87.46412658691406,86.7657470703125,86.8973159790039,86.89488220214844,87.04681396484375,86.93169403076172,85.78644561767578,87.72865295410156,86.53535461425781,86.05467224121094,88.32127380371094,54.0
98,87.87776947021484,87.30508422851562,87.58840942382812,87.46412658691406,86.7657470703125,86.8973159790039,86.89488220214844,87.04681396484375,86.93169403076172,85.78644561767578,87.72865295410156,86.53535461425781,86.05467224121094,88.06311798095703,34.0
99,87.87776947021484,87.30508422851562,87.58840942382812,87.46412658691406,86.7657470703125,86.8973159790039,86.89488220214844,87.04681396484375,86.93169403076172,85.78644561767578,87.72865295410156,86.53535461425781,86.05467224121094,92.59510040283203,14.0
100,90.57098388671875,89.96989440917969,90.42501068115234,90.83502197265625,90.12761688232422,90.13872528076172,90.14067077636719,91.0760269165039,91.34559631347656,88.92139434814453,91.24160766601562,90.61658477783203,91.88777160644531,90.17990112304688,150.0
101,90.57098388671875,91.31847381591797,90.98204803466797,92.19798278808594,92.10603332519531,91.12532806396484,90.14067077636719,91.0760269165039,95.5091323852539,88.92139434814453,91.24160766601562,92.86284637451172,98.16371154785156,90.17990112304688,150.0
102,90.88311767578125,92.74578857421875,92.57302856445312,93.94044494628906,93.67137908935547,92.74152374267578,91.85774993896484,91.74169158935547,97.3465347290039,89.56694793701172,91.96238708496094,94.90653228759766,99.14755249023438,90.17990112304688,150.0
103,90.57098388671875,91.50654602050781,91.45917510986328,92.64530944824219,92.1955337524414,91.32833099365234,90.66421508789062,91.0760269165039,95.36077880859375,88.92139434814453,91.24160766601562,93.39923858642578,96.68568420410156,90.17990112304688,135.0
104,90.57098388671875,89.96989440917969,90.42501068115234,90.83502197265625,90.12761688232422,90.13872528076172,90.14067077636719,91.0760269165039,91.83390808105469,88.92139434814453,91.24160766601562,90.63978576660156,92.62454223632812,90.17990112304688,115.0
105,90.57098388671875,89.96989440917969,90.42501068115234,90.83502197265625,90.12761688232422,90.13872528076172,90.14067077636719,91.0760269165039,91.34559631347656,88.92139434814453,91.24160766601562,90.61658477783203,89.8510513305664,90.17990112304688,95.0
106,91.1902847290039,90.39779663085938,91.22388458251953,91.79594421386719,90.12761688232422,90.13872528076172,90.14067077636719,91.0760269165039,91.34559631347656,88.92139434814453,91.39750671386719,90.61658477783203,89.8510513305664,90.17990112304688,75.0
107,87.74235534667969,87.26695251464844,92.62493896484375,90.13299560546875,86.75336456298828,86.84251403808594,90.56396484375,86.96350860595703,86.8983154296875,85.830078125,90.27124786376953,86.47930145263672,86.05198669433594,95.33293151855469,55.0
108,87.74235534667969,87.26695251464844,87.50354766845703,87.38948059082031,86.75336456298828,86.84251403808594,86.80953216552734,86.96350860595703,86.8983154296875,85.830078125,87.52977752685547,86.47930145263672,86.05198669433594,96.92681884765625,35.0
109,87.74235534667969,87.26695251464844,87.50354766845703,87.38948059082031,86.75336456298828,86.84251403808594,86.80953216552734,86.96350860595703,86.8983154296875,85.830078125,87.52977752685547,86.47930145263672,86.05198669433594,105.51615905761719,15.0
110,90.5572738647461,90.06075286865234,90.46253967285156,90.89114379882812,90.25106811523438,90.21141052246094,90.18193817138672,91.14379119873047,91.4321060180664,89.09468841552734,91.15335083007812,90.69428253173828,89.94248962402344,90.14031982421875,150.0
111,90.5572738647461,90.06075286865234,90.46253967285156,90.89114379882812,90.25106811523438,90.21141052246094,90.18193817138672,91.14379119873047,91.4321060180664,89.09468841552734,91.15335083007812,90.69428253173828,91.42965698242188,90.14031982421875,150.0
112,90.717529296875,93.75324249267578,94.44770812988281,96.08660888671875,96.25535583496094,95.90168762207031,95.4533920288086,93.7612533569336,98.00299835205078,92.32295227050781,95.28350067138672,98.3341293334961,101.5005111694336,90.14031982421875,150.0
113,92.92080688476562,95.35789489746094,95.96287536621094,97.6827392578125,97.61302947998047,97.14070129394531,96.6726303100586,95.53690338134766,99.6737060546875,93.54817199707031,96.72224426269531,99.71218872070312,102.34314727783203,91.19808959960938,133.0
114,90.5572738647461,92.03507995605469,92.55048370361328,93.78076171875,93.52256774902344,93.06646728515625,92.7574691772461,91.50741577148438,95.11062622070312,90.20943450927734,93.1143569946289,95.34675598144531,97.50511169433594,90.14031982421875,113.0
115,90.5572738647461,90.06075286865234,90.46253967285156,90.89114379882812,90.25106811523438,90.21141052246094,90.18193817138672,91.14379119873047,91.4321060180664,89.09468841552734,91.15335083007812,90.69428253173828,90.53398132324219,90.14031982421875,93.0
116,90.5572738647461,90.06075286865234,90.46253967285156,90.89114379882812,90.25106811523438,90.21141052246094,90.18193817138672,91.14379119873047,91.4321060180664,89.09468841552734,91.15335083007812,90.69428253173828,89.94248962402344,90.14031982421875,73.0
117,87.72464752197266,87.33721160888672,87.52220153808594,87.41355895996094,86.8453140258789,86.89970397949219,86.83792877197266,86.991455078125,86.94991302490234,85.99565887451172,87.44654846191406,86.52608489990234,86.12818908691406,86.54617309570312,53.0
118,87.72464752197266,87.33721160888672,87.52220153808594,87.41355895996094,86.8453140258789,86.89970397949219,86.83792877197266,86.991455078125,86.94991302490234,85.99565887451172,87.44654846191406,86.52608489990234,86.12818908691406,86.54617309570312,33.0
119,87.72464752197266,87.33721160888672,87.52220153808594,87.41355895996094,86.8453140258789,86.89970397949219,86.83792877197266,86.991455078125,86.94991302490234,85.99565887451172,87.44654846191406,86.52608489990234,86.12818908691406,86.54617309570312,13.0
120,90.646484375,90.23352813720703,90.58065032958984,91.01677703857422,90.44367980957031,90.36009979248047,90.30467224121094,91.29364776611328,91.5737533569336,89.35960388183594,91.15009307861328,90.8321762084961,90.07796478271484,90.21357727050781,150.0
121,90.646484375,90.67974090576172,90.58065032958984,91.01677703857422,91.33343505859375,90.78340148925781,90.30467224121094,91.29364776611328,91.5737533569336,89.35960388183594,91.15009307861328,91.29405975341797,97.33907318115234,90.21357727050781,150.0
122,90.646484375,94.48075866699219,94.28858184814453,95.38762664794922,95.92532348632812,95.40660858154297,94.19274139404297,91.29364776611328,96.923583984375,92.23968505859375,93.27072143554688,96.91417694091797,101.7821273803711,90.21357727050781,150.0
123,90.646484375,92.48309326171875,92.58837890625,93.59136199951172,93.98348999023438,93.61959075927734,92.81867980957031,91.29364776611328,94.81253051757812,90.90437316894531,92.3840560913086,95.43518829345703,99.37845611572266,90.21357727050781,133.0
124,90.646484375,90.23352813720703,90.58065032958984,91.01677703857422,90.44367980957031,90.36009979248047,90.30467224121094,91.29364776611328,91.5737533569336,89.35960388183594,91.15009307861328,90.8321762084961,93.31039428710938,90.21357727050781,113.0
125,90.646484375,90.23352813720703,90.58065032958984,91.01677703857422,90.44367980957031,90.36009979248047,90.30467224121094,91.29364776611328,91.5737533569336,89.35960388183594,91.15009307861328,90.8321762084961,90.07796478271484,90.21357727050781,93.0
126,90.646484375,90.23352813720703,90.58065032958984,91.01677703857422,90.44367980957031,90.36009979248047,90.30467224121094,91.29364776611328,91.5737533569336,89.35960388183594,91.15009307861328,90.8321762084961,90.07796478271484,90.21357727050781,73.0
127,87.79194641113281,87.4784164428711,87.6116943359375,87.49968719482422,86.998291015625,87.02323150634766,86.93766784667969,87.09070587158203,87.05223846435547,86.23959350585938,87.43810272216797,86.6287612915039,86.24846649169922,91.27600860595703,53.0
128,87.79194641113281,87.4784164428711,87.6116943359375,87.49968719482422,86.998291015625,87.02323150634766,86.93766784667969,87.09070587158203,87.05223846435547,86.23959350585938,87.43810272216797,86.6287612915039,86.24846649169922,91.4783935546875,33.0
129,87.79194641113281,87.4784164428711,87.6116943359375,87.49968719482422,86.998291015625,87.02323150634766,86.93766784667969,87.09070587158203,87.05223846435547,86.23959350585938,87.43810272216797,86.6287612915039,86.24846649169922,98.63412475585938,13.0
130,90.8316879272461,90.48471069335938,90.78002166748047,91.21824645996094,90.70854187011719,90.58748626708984,90.51326751708984,91.52921295166016,91.78311157226562,89.71047973632812,91.23829650878906,91.0423583984375,90.25613403320312,90.36178588867188,150.0
131,90.8316879272461,90.48471069335938,90.78002166748047,91.21824645996094,90.70854187011719,90.58748626708984,90.51326751708984,91.52921295166016,91.78311157226562,89.71047973632812,91.23829650878906,91.0423583984375,90.25613403320312,90.36178588867188,150.0
132,90.8316879272461,90.48471069335938,90.78002166748047,91.21824645996094,90.70854187011719,90.58748626708984,90.51326751708984,91.52921295166016,91.78311157226562,89.71047973632812,91.23829650878906,91.0423583984375,90.25613403320312,90.36178588867188,135.0
133,90.8316879272461,93.01158142089844,92.50581359863281,92.97127532958984,93.37538146972656,92.83014678955078,91.57070922851562,91.52921295166016,92.63429260253906,90.34768676757812,91.23829650878906,93.40299224853516,97.00375366210938,90.36178588867188,115.0
134,95.29395294189453,98.07345581054688,97.84803771972656,99.01853942871094,98.94364929199219,98.3109359741211,97.3147964477539,94.5894775390625,99.5702133178711,95.29218292236328,97.01507568359375,100.05069732666016,102.27951049804688,91.41082763671875,95.0
135,95.50813293457031,97.21600341796875,97.51041412353516,98.79869079589844,98.16948699951172,97.67463684082031,97.4322738647461,96.49556732177734,99.29908752441406,94.99505615234375,98.04498291015625,100.27153778076172,100.64887237548828,94.20616149902344,75.0
136,93.86832427978516,92.51551818847656,94.53973388671875,96.20836639404297,93.08856201171875,91.91204071044922,93.8166275024414,96.93395233154297,95.15859985351562,90.73838806152344,96.78915405273438,96.70882415771484,92.47222900390625,96.04949188232422,55.0
137,87.93818664550781,87.68698120117188,87.7716293334961,87.6512451171875,87.21332550048828,87.21409606933594,87.11112213134766,87.26254272460938,87.21259307861328,86.55689239501953,87.50851440429688,86.79439544677734,86.4100112915039,86.72908020019531,35.0
138,87.93818664550781,87.68698120117188,87.7716293334961,87.6512451171875,87.21332550048828,87.21409606933594,87.11112213134766,87.26254272460938,87.21259307861328,86.55689239501953,87.50851440429688,86.79439544677734,86.4100112915039,86.72908020019531,15.0
139,90.8316879272461,90.48471069335938,90.78002166748047,91.21824645996094,90.70854187011719,90.58748626708984,90.51326751708984,91.52921295166016,91.78311157226562,89.71047973632812,91.23829650878906,91.0423583984375,92.26524353027344,90.36178588867188,150.0
140,91.10211944580078,90.80408477783203,91.04768371582031,91.47882080078125,91.03670501708984,90.88681030273438,90.79707336425781,91.83556365966797,92.0503921508789,90.14154052734375,91.40180206298828,91.30687713623047,90.4885025024414,90.60584259033203,150.0
141,91.10211944580078,90.80408477783203,91.04768371582031,91.47882080078125,91.03670501708984,90.88681030273438,90.79707336425781,91.83556365966797,92.0503921508789,90.14154052734375,91.40180206298828,91.30687713623047,90.4885025024414,90.60584259033203,150.0
142,91.10211944580078,90.80408477783203,91.04768371582031,91.47882080078125,91.03670501708984,90.88681030273438,90.79707336425781,91.83556365966797,92.0503921508789,90.14154052734375,91.40180206298828,91.30687713623047,91.45612335205078,90.60584259033203,150.0
143,91.10211944580078,90.9034194946289,91.04768371582031,91.47882080078125,91.03670501708984,90.88681030273438,90.79707336425781,91.83556365966797,92.0503921508789,90.14154052734375,91.40180206298828,91.30687713623047,93.76188659667969,90.60584259033203,131.0
144,93.17985534667969,95.10787200927734,95.31346893310547,96.15617370605469,95.47295379638672,94.98045349121094,94.85879516601562,93.17809295654297,95.21149444580078,92.60235595703125,95.02745056152344,96.63410949707031,96.48824310302734,91.78311920166016,111.0
145,101.21165466308594,98.48605346679688,101.10005950927734,103.1445083618164,99.24987030029297,97.65028381347656,100.10098266601562,103.70919799804688,99.25395965576172,94.00389099121094,101.54248809814453,101.49275207519531,95.24337768554688,101.43169403076172,91.0
146,88.15233612060547,87.95245361328125,91.99956512451172,90.93400573730469,87.48082733154297,87.46441650390625,92.74082946777344,95.45487213134766,87.42074584960938,86.94023132324219,94.72923278808594,89.61473846435547,86.61824035644531,103.29473114013672,71.0
147,88.15233612060547,87.95245361328125,87.98932647705078,87.85294342041016,87.48082733154297,87.46441650390625,88.44538879394531,90.1336898803711,87.42074584960938,86.94023132324219,89.49030303955078,87.00690460205078,86.61824035644531,108.7560806274414,51.0
148,88.15233612060547,87.95245361328125,87.98932647705078,87.85294342041016,87.48082733154297,87.46441650390625,88.7750473022461,89.2996826171875,87.42074584960938,86.94023132324219,87.64283752441406,87.00690460205078,86.61824035644531,119.01390838623047,31.0
149,91.10211944580078,90.80408477783203,91.04768371582031,91.47882080078125,91.03670501708984,90.88681030273438,90.79707336425781,91.83556365966797,92.0503921508789,90.14154052734375,91.40180206298828,91.30687713623047,90.4885025024414,90.60584259033203,150.0
150,91.63882446289062,91.37957763671875,91.5713119506836,91.99886322021484,91.62474822998047,91.45030212402344,91.35175323486328,92.4090805053711,92.5873031616211,90.83026123046875,91.82978820800781,91.8379135131836,90.99349975585938,91.00943756103516,145.0
151,91.63882446289062,93.93553161621094,91.64781188964844,91.99886322021484,92.85489654541016,92.66947937011719,91.35175323486328,92.4090805053711,92.5873031616211,91.13307189941406,91.82978820800781,91.8379135131836,98.31707763671875,91.00943756103516,125.0
152,91.63882446289062,94.45037078857422,92.4679946899414,91.99886322021484,93.39370727539062,93.07777404785156,91.35175323486328,92.4090805053711,92.5873031616211,91.2693862915039,91.82978820800781,91.8379135131836,97.65910339355469,91.00943756103516,105.0
153,91.63882446289062,91.37957763671875,91.5713119506836,91.99886322021484,91.62474822998047,91.45030212402344,91.35175323486328,92.4090805053711,92.5873031616211,90.83026123046875,91.82978820800781,91.8379135131836,90.99349975585938,91.00943756103516,85.0
154,91.63882446289062,91.37957763671875,91.5713119506836,91.99886322021484,91.62474822998047,91.45030212402344,91.35175323486328,92.4090805053711,92.5873031616211,90.83026123046875,91.82978820800781,91.8379135131836,90.99349975585938,91.00943756103516,65.0
155,91.63882446289062,91.37957763671875,91.5713119506836,91.99886322021484,91.62474822998047,91.45030212402344,91.35175323486328,92.4090805053711,90.88322448730469,90.10428619384766,91.82978820800781,91.8379135131836,89.68818664550781,91.00943756103516,45.0
156,88.58039855957031,88.43061828613281,88.41425323486328,88.258544921875,87.95987701416016,87.9318618774414,87.79013061523438,87.91410827636719,87.8406982421875,87.5414810180664,87.98536682128906,87.4284439086914,87.04850769042969,87.2610092163086,25.0
157,88.58039855957031,88.43061828613281,88.41425323486328,88.258544921875,87.95987701416016,87.9318618774414,87.79013061523438,87.91410827636719,87.8406982421875,87.5414810180664,87.98536682128906,87.4284439086914,87.04850769042969,87.2610092163086,5.0
158,117.79283142089844,118.13086700439453,115.2512435913086,116.66995239257812,115.6573715209961,113.22544860839844,108.76072692871094,104.51396942138672,113.42044830322266,106.36788940429688,105.74545288085938,110.56918334960938,112.71360778808594,97.38855743408203,150.0
159,111.70468139648438,113.1313247680664,111.38447570800781,113.07152557373047,112.63233184814453,110.99188232421875,107.6553955078125,104.15080261230469,111.893798828125,105.76122283935547,106.18464660644531,110.81388854980469,112.46580505371094,99.38797760009766,150.0
160,108.2564697265625,110.57096099853516,109.40656280517578,111.0916519165039,111.13191986083984,110.14596557617188,107.02133178710938,103.5404052734375,111.0555191040039,106.44387817382812,106.93144226074219,111.40882873535156,112.48837280273438,101.87308502197266,150.0
161,108.12464904785156,109.9223861694336,109.35757446289062,111.44221496582031,111.28573608398438,110.46823120117188,108.22604370117188,106.4422607421875,112.38592529296875,107.09037780761719,108.76049041748047,112.99243927001953,113.03977966308594,104.4772720336914,150.0
162,111.07716369628906,111.46990966796875,111.39751434326172,114.04601287841797,113.28312683105469,112.37184143066406,111.0321044921875,111.73004913330078,115.61396789550781,108.74913024902344,111.93150329589844,115.86568450927734,114.35935974121094,108.25251007080078,150.0
163,117.22979736328125,115.24942016601562,115.6751708984375,119.12976837158203,117.32167053222656,116.07728576660156,115.79881286621094,120.02220153808594,121.10606384277344,111.67578125,116.9112319946289,120.47560119628906,116.70927429199219,113.77887725830078,150.0
164,126.69839477539062,121.29674530029297,122.33940124511719,126.9201889038086,123.59893798828125,121.8050537109375,122.885498046875,131.93716430664062,129.22862243652344,116.12592315673828,124.16645812988281,127.26920318603516,120.3516845703125,121.63646697998047,143.0
165,133.4195556640625,123.58379364013672,129.84222412109375,134.07308959960938,125.76936340332031,123.17398071289062,131.6859893798828,144.13662719726562,124.9909439086914,112.88394927978516,130.21649169921875,129.99855041503906,114.93771362304688,130.39712524414062,123.0
166,128.45285034179688,116.68026733398438,128.13174438476562,131.10671997070312,119.63692474365234,117.79930114746094,134.02011108398438,149.490234375,112.53193664550781,105.10050201416016,131.74313354492188,127.79656982421875,104.79178619384766,136.55670166015625,103.0
167,124.79702758789062,110.37263488769531,128.41702270507812,130.01577758789062,114.55218505859375,113.62327575683594,139.5150909423828,158.70947265625,99.21566009521484,97.16238403320312,135.6590576171875,127.20804595947266,94.14641571044922,146.45840454101562,83.0
168,91.99034118652344,91.75569152832031,91.91963195800781,92.32750701904297,92.01884460449219,91.83782958984375,91.76067352294922,92.84101104736328,92.93623352050781,91.37986755371094,92.130615234375,92.20286560058594,91.30870056152344,91.33676147460938,133.0
169,91.99034118652344,91.75569152832031,91.91963195800781,92.32750701904297,92.01884460449219,91.83782958984375,91.76067352294922,92.84101104736328,92.93623352050781,91.37986755371094,92.130615234375,92.20286560058594,91.30870056152344,91.33676147460938,113.0
170,92.63648223876953,92.50914764404297,92.5672378540039,92.91124725341797,92.7686996459961,92.60400390625,92.41785430908203,93.32058715820312,93.67524719238281,92.39611053466797,92.70642852783203,92.84490203857422,92.0762939453125,91.91336822509766,93.0
171,92.63648223876953,92.50914764404297,92.5672378540039,92.91124725341797,92.7686996459961,92.60400390625,92.41785430908203,93.32058715820312,93.67524719238281,92.39611053466797,92.70642852783203,92.84490203857422,92.0762939453125,91.91336822509766,73.0
172,92.63648223876953,92.50914764404297,92.5672378540039,92.91124725341797,92.7686996459961,92.60400390625,92.41785430908203,93.32058715820312,93.67524719238281,92.39611053466797,92.70642852783203,92.84490203857422,92.0762939453125,91.91336822509766,53.0
173,89.37680053710938,89.35945129394531,89.22115325927734,88.98099517822266,88.8799057006836,88.86576843261719,88.64252471923828,88.62812805175781,88.67711639404297,88.8464126586914,88.6772689819336,88.2225570678711,87.94719696044922,87.9921646118164,33.0
174,89.37680053710938,89.35945129394531,89.22115325927734,88.98099517822266,88.8799057006836,88.86576843261719,88.64252471923828,88.62812805175781,88.67711639404297,88.8464126586914,88.6772689819336,88.2225570678711,87.94719696044922,87.9921646118164,13.0
175,92.63648223876953,92.50914764404297,92.5672378540039,92.91124725341797,92.7686996459961,92.60400390625,92.41785430908203,93.32058715820312,93.67524719238281,92.39611053466797,92.70642852783203,92.84490203857422,92.0762939453125,91.91336822509766,117.0
176,92.63648223876953,92.50914764404297,92.5672378540039,92.91124725341797,92.7686996459961,92.60400390625,92.41785430908203,93.32058715820312,93.67524719238281,92.39611053466797,92.70642852783203,92.84490203857422,92.49848175048828,91.91336822509766,97.0
177,92.63648223876953,92.50914764404297,92.5672378540039,92.91124725341797,92.7686996459961,92.60400390625,92.41785430908203,93.32058715820312,93.67524719238281,92.39611053466797,92.70642852783203,92.84490203857422,92.0762939453125,91.91336822509766,77.0
178,92.63648223876953,92.50914764404297,92.5672378540039,92.91124725341797,92.7686996459961,92.60400390625,92.41785430908203,93.32058715820312,93.67524719238281,92.39611053466797,92.70642852783203,92.84490203857422,92.0762939453125,91.91336822509766,57.0
179,92.63648223876953,92.50914764404297,92.5672378540039,92.91124725341797,92.7686996459961,92.60400390625,92.41785430908203,93.32058715820312,93.67524719238281,92.39611053466797,92.70642852783203,92.84490203857422,92.0762939453125,91.91336822509766,37.0
180,89.4511489868164,89.5208740234375,89.30364990234375,89.00634002685547,89.02322387695312,89.02489471435547,88.73460388183594,88.59833526611328,88.77860260009766,89.2063980102539,88.70030975341797,88.28616333007812,88.1233139038086,88.04391479492188,17.0
181,92.72991180419922,92.72341918945312,92.6850357055664,92.9478759765625,92.9637451171875,92.82371520996094,92.54615783691406,93.2445297241211,93.81930541992188,92.8662109375,92.75830841064453,92.93816375732422,92.31039428710938,91.98875427246094,150.0
182,92.72991180419922,92.72341918945312,92.6850357055664,92.9478759765625,92.9637451171875,92.82371520996094,92.54615783691406,93.2445297241211,93.81930541992188,92.8662109375,92.75830841064453,92.93816375732422,92.31039428710938,91.98875427246094,150.0
183,92.72991180419922,92.72341918945312,92.6850357055664,92.9478759765625,92.9637451171875,92.82371520996094,92.54615783691406,93.2445297241211,93.81930541992188,92.8662109375,92.75830841064453,92.93816375732422,92.31039428710938,91.98875427246094,148.0
184,92.72991180419922,92.72341918945312,92.6850357055664,92.9478759765625,92.9637451171875,92.82371520996094,92.54615783691406,93.2445297241211,93.81930541992188,92.8662109375,92.75830841064453,92.93816375732422,93.57266998291016,91.98875427246094,128.0
185,92.72991180419922,97.79049682617188,97.2207260131836,97.05514526367188,97.91463470458984,98.1877212524414,95.42912292480469,93.2445297241211,93.99311065673828,97.42689514160156,95.9238510131836,98.57454681396484,99.89972686767578,93.50150299072266,108.0
186,100.96099090576172,103.47030639648438,102.90807342529297,103.5426254272461,103.3524169921875,102.99055480957031,101.0430908203125,97.99952697753906,101.72299194335938,101.32261657714844,101.60126495361328,104.05533599853516,103.5141830444336,98.93276977539062,88.0
187,107.76265716552734,105.3912353515625,105.84539031982422,108.1783447265625,105.10482788085938,103.06993865966797,103.76405334472656,107.95513916015625,109.9139633178711,102.6257095336914,106.39541625976562,107.6070327758789,103.37175750732422,103.69537353515625,68.0
188,89.4511489868164,89.5208740234375,89.30364990234375,89.00634002685547,89.02322387695312,89.02489471435547,89.40220642089844,95.33214569091797,88.77860260009766,89.2063980102539,93.12169647216797,88.3101577758789,88.1233139038086,96.24433898925781,48.0
189,89.4511489868164,89.5208740234375,89.30364990234375,89.00634002685547,89.02322387695312,89.02489471435547,88.73460388183594,88.59833526611328,88.77860260009766,89.2063980102539,88.70030975341797,88.28616333007812,88.1233139038086,89.71282196044922,28.0
190,89.50472259521484,89.64555358886719,89.35929870605469,89.00556182861328,89.13262939453125,89.15272521972656,88.80978393554688,88.55282592773438,88.8466796875,89.51913452148438,88.70149230957031,88.32075500488281,88.26744842529297,88.08209991455078,8.0
191,92.78707885742188,92.88082885742188,92.75741577148438,92.93714904785156,93.1026611328125,92.99181365966797,92.64375305175781,93.14114379882812,93.90260314941406,93.26788330078125,92.76993560791016,92.97863006591797,92.49002075195312,92.0388412475586,150.0
192,92.78707885742188,92.88082885742188,92.75741577148438,92.93714904785156,93.1026611328125,92.99181365966797,92.64375305175781,93.14114379882812,93.90260314941406,93.26788330078125,92.76993560791016,92.97863006591797,92.49002075195312,92.0388412475586,150.0
193,92.78707885742188,96.44242858886719,94.16108703613281,92.93714904785156,94.07505798339844,94.93854522705078,92.64375305175781,93.14114379882812,93.90260314941406,95.53231811523438,92.76993560791016,92.97863006591797,97.40744018554688,92.0388412475586,150.0
194,92.78707885742188,99.31257629394531,97.30574035644531,95.80105590820312,97.45718383789062,98.09844207763672,92.64375305175781,93.14114379882812,93.90260314941406,98.22283935546875,92.95033264160156,96.89962005615234,100.34194946289062,92.0388412475586,133.0
195,92.81097412109375,98.79840087890625,97.20626831054688,96.08324432373047,97.04827880859375,97.41494750976562,92.84442138671875,93.14114379882812,93.90260314941406,97.22999572753906,93.54731750488281,96.56462860107422,98.70919799804688,92.0388412475586,113.0
196,93.59466552734375,97.17404174804688,96.25284576416016,95.66388702392578,95.5729751586914,95.53194427490234,93.38380432128906,93.14114379882812,93.90260314941406,94.97676086425781,93.71914672851562,95.17679595947266,95.31202697753906,92.0388412475586,93.0
197,96.8713607788086,96.71359252929688,96.83566284179688,97.35071563720703,95.75592803955078,95.09339904785156,96.46432495117188,97.14144897460938,95.59506225585938,93.8861083984375,96.44679260253906,95.9629135131836,92.95327758789062,95.23497009277344,73.0
198,92.05755615234375,89.64555358886719,96.40414428710938,94.97087860107422,89.13262939453125,89.15272521972656,104.33366394042969,104.65705871582031,88.8466796875,89.51913452148438,96.2835464477539,88.82869720458984,88.26744842529297,98.48269653320312,53.0
199,89.50472259521484,89.64555358886719,89.35929870605469,89.00556182861328,89.13262939453125,89.15272521972656,105.4921875,105.56828308105469,88.8466796875,89.51913452148438,90.51094818115234,88.32075500488281,88.26744842529297,99.09111022949219,33.0
200,89.5951156616211,89.77496337890625,89.42787170410156,89.03131103515625,89.26193237304688,89.29722595214844,111.15966033935547,108.04669952392578,88.94993591308594,89.83012390136719,88.73786163330078,88.38874816894531,88.42605590820312,100.6768798828125,13.0
201,92.89045715332031,93.03714752197266,92.84144592285156,92.95723724365234,93.260498046875,93.17396545410156,92.72892761230469,93.03987121582031,94.02650451660156,93.66117095947266,92.82350158691406,93.05783081054688,92.67964172363281,92.11997985839844,150.0
202,92.89045715332031,93.03714752197266,92.84144592285156,92.95723724365234,93.260498046875,93.17396545410156,92.72892761230469,93.03987121582031,94.02650451660156,93.66117095947266,92.82350158691406,93.05783081054688,92.67964172363281,92.11997985839844,150.0
203,92.89045715332031,95.55276489257812,93.36726379394531,92.95723724365234,93.260498046875,93.17396545410156,92.72892761230469,93.03987121582031,94.02650451660156,93.66117095947266,92.82350158691406,93.05783081054688,92.67964172363281,92.11997985839844,150.0
204,93.8073959350586,99.7249526977539,97.63426208496094,95.68865966796875,96.47413635253906,96.72560119628906,92.72892761230469,93.03987121582031,94.02650451660156,96.4656982421875,92.82350158691406,93.91199493408203,95.77568817138672,92.11997985839844,133.0
205,99.30191040039062,103.1485366821289,101.37788391113281,100.33296203613281,100.48257446289062,100.31585693359375,96.12860870361328,93.03987121582031,94.42902374267578,99.25843811035156,95.9522933959961,98.29180908203125,98.75057220458984,93.5985107421875,113.0
206,105.22428894042969,106.41390991210938,105.2408447265625,105.42864990234375,104.77015686035156,104.12728881835938,101.90079498291016,99.21314239501953,102.22191619873047,102.26716613769531,101.7259292602539,103.48003387451172,102.02079772949219,99.16773986816406,93.0
207,112.45321655273438,110.11138916015625,109.86579895019531,111.76518249511719,110.05343627929688,108.82212829589844,109.46775817871094,112.22150421142578,112.5352783203125,106.08219909667969,109.44295501708984,110.33641052246094,106.24614715576172,106.74568939208984,73.0
208,104.04029083251953,100.8065414428711,106.65870666503906,106.56629943847656,101.365966796875,100.064697265625,114.94389343261719,115.95741271972656,97.44015502929688,92.35535430908203,108.2881088256836,102.82147216796875,92.20751953125,108.39863586425781,53.0
209,89.5951156616211,89.77496337890625,98.30421447753906,95.75314331054688,89.26193237304688,89.29722595214844,118.8923110961914,118.66175079345703,88.94993591308594,89.83012390136719,105.80770874023438,93.35254669189453,88.42605590820312,110.10091400146484,33.0
210,89.65536499023438,89.85874938964844,92.3818130493164,89.01821899414062,89.36006927490234,89.41425323486328,120.57975769042969,115.10986328125,89.03987884521484,90.11434936523438,106.081787109375,88.4343490600586,88.58238983154297,110.54332733154297,13.0
211,92.94229125976562,93.12213134765625,92.85066223144531,92.91336059570312,93.36453247070312,93.30830383300781,92.64186096191406,92.79095458984375,94.11962890625,94.01197814941406,92.81246948242188,93.09595489501953,92.85746765136719,92.1214828491211,146.0
212,92.94229125976562,93.12213134765625,92.85066223144531,92.91336059570312,93.36453247070312,93.30830383300781,92.64186096191406,92.79095458984375,94.11962890625,94.01197814941406,92.81246948242188,93.09595489501953,92.85746765136719,92.1214828491211,126.0
213,92.94229125976562,94.8495101928711,93.33953094482422,92.91336059570312,93.36453247070312,93.30830383300781,92.64186096191406,92.79095458984375,94.11962890625,94.01197814941406,92.81246948242188,93.09595489501953,92.85746765136719,92.1214828491211,106.0
214,92.94229125976562,93.12213134765625,92.85066223144531,92.91336059570312,93.36453247070312,93.30830383300781,92.64186096191406,92.79095458984375,94.11962890625,94.01197814941406,92.81246948242188,93.09595489501953,92.85746765136719,92.1214828491211,86.0
215,92.94229125976562,93.12213134765625,92.85066223144531,92.91336059570312,93.36453247070312,93.30830383300781,92.64186096191406,92.79095458984375,94.11962890625,94.01197814941406,92.81246948242188,93.09595489501953,92.85746765136719,92.1214828491211,66.0
216,92.94229125976562,93.12213134765625,92.85066223144531,92.91336059570312,93.36453247070312,93.30830383300781,92.64186096191406,92.79095458984375,94.11962890625,94.01197814941406,92.81246948242188,93.09595489501953,92.85746765136719,92.1214828491211,46.0
217,89.65536499023438,89.85874938964844,89.44808197021484,89.01821899414062,89.36006927490234,89.41425323486328,88.84664916992188,88.38032531738281,89.03987884521484,90.11434936523438,88.73780822753906,88.4343490600586,88.58238983154297,88.16602325439453,26.0
218,89.65536499023438,89.85874938964844,89.44808197021484,89.01821899414062,89.36006927490234,89.41425323486328,88.84664916992188,88.38032531738281,89.03987884521484,90.11434936523438,88.73780822753906,88.4343490600586,88.58238983154297,88.16602325439453,6.0
219,108.8153076171875,114.08688354492188,111.07084655761719,109.02971649169922,109.88358306884766,109.71399688720703,102.65586853027344,92.79095458984375,99.05664825439453,108.28673553466797,100.98843383789062,105.56523895263672,106.761962890625,98.32792663574219,150.0
220,92.68289184570312,97.25758361816406,96.66566467285156,92.92501831054688,93.90596771240234,94.81224822998047,93.59246063232422,92.23285675048828,93.89978790283203,95.75894927978516,92.48388671875,92.83491516113281,92.72618865966797,91.80780792236328,150.0
221,92.68289184570312,92.87742614746094,92.54539489746094,92.57080078125,93.14392852783203,93.11872100830078,92.1910171508789,92.23285675048828,93.89978790283203,94.017333984375,92.48388671875,92.83491516113281,92.72618865966797,91.80780792236328,150.0
222,92.68289184570312,92.87742614746094,92.54539489746094,92.57080078125,93.14392852783203,93.11872100830078,92.1910171508789,92.23285675048828,93.89978790283203,94.017333984375,92.48388671875,92.83491516113281,92.72618865966797,91.80780792236328,130.0
223,92.68289184570312,92.87742614746094,92.54539489746094,92.57080078125,93.14392852783203,93.11872100830078,92.1910171508789,92.23285675048828,93.89978790283203,94.017333984375,92.48388671875,92.83491516113281,92.72618865966797,91.80780792236328,110.0
224,92.68289184570312,92.87742614746094,92.54539489746094,92.57080078125,93.14392852783203,93.11872100830078,92.1910171508789,92.23285675048828,93.89978790283203,94.017333984375,92.48388671875,92.83491516113281,92.72618865966797,91.80780792236328,90.0
225,97.9022216796875,98.1480712890625,97.93736267089844,98.72314453125,98.1290512084961,97.83496856689453,97.63981628417969,97.64270782470703,99.52896118164062,97.83358001708984,99.01316833496094,99.34716796875,97.07927703857422,97.55264282226562,70.0
226,95.2030258178711,95.06071472167969,97.63253784179688,98.23239135742188,95.16210174560547,94.35237884521484,99.84160614013672,97.16290283203125,94.0195541381836,90.12579345703125,100.10139465332031,97.45986938476562,90.30135345458984,98.83525848388672,50.0
227,89.47706604003906,89.68673706054688,89.2265625,88.77677154541016,89.21086883544922,89.28250885009766,94.80821990966797,89.137451171875,88.89627075195312,90.12579345703125,95.48712921142578,89.22940826416016,88.49964141845703,96.15196990966797,30.0
228,89.47706604003906,89.68673706054688,89.2265625,88.77677154541016,89.21086883544922,89.28250885009766,94.89009857177734,88.01934814453125,88.89627075195312,90.12579345703125,94.62173461914062,88.25253295898438,88.49964141845703,96.78620147705078,10.0
229,92.68289184570312,92.87742614746094,92.54539489746094,92.57080078125,93.14392852783203,93.11872100830078,92.1910171508789,92.23285675048828,93.89978790283203,94.017333984375,92.48388671875,92.83491516113281,92.72618865966797,91.80780792236328,150.0
230,92.46757507324219,92.66375732421875,92.27820587158203,92.27546691894531,92.95686340332031,92.95989227294922,91.78302001953125,91.75800323486328,93.70569610595703,94.02764129638672,92.17902374267578,92.61205291748047,92.63809204101562,91.52328491210938,150.0
231,92.46757507324219,92.66375732421875,92.27820587158203,92.27546691894531,92.95686340332031,92.95989227294922,91.78302001953125,91.75800323486328,93.70569610595703,94.02764129638672,92.17902374267578,92.61205291748047,92.63809204101562,91.52328491210938,150.0
232,92.46757507324219,92.66375732421875,92.27820587158203,92.27546691894531,92.95686340332031,92.95989227294922,91.78302001953125,91.75800323486328,93.70569610595703,94.02764129638672,92.17902374267578,92.61205291748047,92.63809204101562,91.52328491210938,150.0
233,92.46757507324219,92.66375732421875,92.27820587158203,92.27546691894531,92.95686340332031,92.95989227294922,91.78302001953125,91.75800323486328,93.70569610595703,94.02764129638672,92.17902374267578,92.61205291748047,92.63809204101562,91.52328491210938,131.0
234,98.88004302978516,100.62355041503906,100.57915496826172,100.12155151367188,100.20745849609375,100.35769653320312,100.02371215820312,97.16065979003906,97.25130462646484,100.65065002441406,99.87236022949219,100.25941467285156,98.89877319335938,99.00798034667969,111.0
235,110.31194305419922,108.77498626708984,108.57138061523438,110.64389038085938,109.00894165039062,107.6386947631836,105.81275939941406,105.81202697753906,111.9072265625,106.046142578125,108.25067901611328,109.85392761230469,106.20510864257812,105.22726440429688,91.0
236,96.495361328125,97.33631134033203,97.80359649658203,99.74063110351562,97.7857666015625,97.20543670654297,96.72900390625,93.5210952758789,99.30569458007812,93.41009521484375,101.47310638427734,102.28319549560547,95.95579528808594,99.38984680175781,71.0
237,89.33271026611328,89.53952026367188,89.03581237792969,88.57235717773438,89.0882568359375,89.1759033203125,88.27328491210938,87.71453094482422,88.77375793457031,90.14404296875,92.21124267578125,91.80896759033203,88.45150756835938,90.917236328125,51.0
238,89.33271026611328,89.53952026367188,89.03581237792969,88.57235717773438,89.0882568359375,89.1759033203125,88.27328491210938,87.71453094482422,88.77375793457031,90.14404296875,88.27364349365234,88.10035705566406,88.45150756835938,87.7477798461914,31.0
239,92.46757507324219,92.66375732421875,92.27820587158203,92.27546691894531,92.95686340332031,92.95989227294922,91.78302001953125,91.75800323486328,93.70569610595703,94.02764129638672,92.17902374267578,92.61205291748047,92.63809204101562,91.52328491210938,150.0
240,92.520263671875,92.70709991455078,92.27668762207031,92.24922943115234,93.02894592285156,93.05885314941406,91.6690444946289,91.60323333740234,93.77151489257812,94.2706527709961,92.14383697509766,92.65071868896484,92.812255859375,91.5216293334961,150.0
241,92.520263671875,92.70709991455078,92.27668762207031,92.24922943115234,93.02894592285156,93.05885314941406,91.6690444946289,91.60323333740234,93.77151489257812,94.2706527709961,92.14383697509766,92.65071868896484,92.812255859375,91.5216293334961,139.0
242,92.520263671875,92.70709991455078,92.27668762207031,92.24922943115234,93.02894592285156,93.05885314941406,91.6690444946289,91.60323333740234,93.77151489257812,94.2706527709961,92.14383697509766,92.65071868896484,92.812255859375,91.5216293334961,119.0
243,92.520263671875,92.70709991455078,92.27668762207031,92.24922943115234,93.02894592285156,93.05885314941406,91.6690444946289,91.60323333740234,93.77151489257812,94.2706527709961,92.14383697509766,92.65071868896484,92.812255859375,91.5216293334961,99.0
244,92.520263671875,92.70709991455078,92.27668762207031,92.24922943115234,93.02894592285156,93.05885314941406,91.6690444946289,91.60323333740234,93.77151489257812,94.2706527709961,92.14383697509766,92.65071868896484,92.812255859375,91.5216293334961,79.0
245,92.520263671875,92.70709991455078,92.27668762207031,92.24922943115234,93.02894592285156,93.05885314941406,91.6690444946289,91.60323333740234,93.77151489257812,94.2706527709961,92.14383697509766,92.65071868896484,92.812255859375,91.5216293334961,59.0
246,89.39617156982422,89.5977783203125,89.05807495117188,88.57813262939453,89.16777038574219,89.27242279052734,88.23280334472656,87.65454864501953,88.84675598144531,90.3514404296875,88.26058959960938,88.14525604248047,88.60990142822266,87.77182006835938,39.0
247,89.39617156982422,89.5977783203125,89.05807495117188,88.57813262939453,89.16777038574219,89.27242279052734,88.23280334472656,87.65454864501953,88.84675598144531,90.3514404296875,88.26058959960938,88.14525604248047,88.60990142822266,87.77182006835938,19.0
248,92.520263671875,92.70709991455078,92.27668762207031,92.24922943115234,93.02894592285156,93.05885314941406,91.6690444946289,91.60323333740234,93.77151489257812,94.2706527709961,92.14383697509766,92.65071868896484,92.812255859375,91.5216293334961,150.0
249,92.520263671875,92.70709991455078,92.27668762207031,92.24922943115234,93.02894592285156,93.05885314941406,91.6690444946289,91.60323333740234,93.77151489257812,94.2706527709961,92.14383697509766,92.65071868896484,92.812255859375,91.5216293334961,145.0
250,92.75956726074219,96.77041625976562,99.56908416748047,97.27861022949219,98.33657836914062,99.84652709960938,103.9959716796875,98.55615234375,93.95832824707031,101.5056381225586,100.77751922607422,98.0744400024414,97.58521270751953,102.4032211303711,125.0
251,93.29777526855469,97.12474060058594,99.8179702758789,97.5451431274414,98.56227111816406,100.01952362060547,104.07825469970703,98.8324966430664,93.95832824707031,101.7439956665039,100.99126434326172,98.3617935180664,97.87865447998047,102.52696228027344,105.0
252,92.70690155029297,92.87762451171875,93.14674377441406,92.36927032470703,93.22578430175781,93.27811431884766,97.26165008544922,91.75360107421875,93.95832824707031,94.98580169677734,94.12141418457031,92.82588958740234,93.10408782958984,96.202880859375,85.0
253,92.70690155029297,92.87762451171875,92.41329956054688,92.36927032470703,93.22578430175781,93.27811431884766,91.71292114257812,91.61730194091797,93.95832824707031,94.59745025634766,92.25397491455078,92.82588958740234,93.10408782958984,91.66842651367188,65.0
254,89.56281280517578,89.75741577148438,89.1910629272461,88.69770812988281,89.34434509277344,89.46385955810547,88.31780242919922,87.72380065917969,89.01023864746094,90.6273422241211,88.36515045166016,88.29705047607422,88.86138153076172,87.91773223876953,45.0
255,89.56281280517578,89.75741577148438,89.1910629272461,88.69770812988281,89.34434509277344,89.46385955810547,88.31780242919922,87.72380065917969,89.01023864746094,90.6273422241211,88.36515045166016,88.29705047607422,88.86138153076172,87.91773223876953,25.0
256,89.56281280517578,89.75741577148438,89.1910629272461,88.69770812988281,89.34434509277344,89.46385955810547,88.31780242919922,87.72380065917969,89.01023864746094,90.6273422241211,88.36515045166016,88.29705047607422,88.86138153076172,87.91773223876953,5.0
257,92.70690155029297,92.87762451171875,92.41329956054688,92.36927032470703,93.22578430175781,93.27811431884766,91.71292114257812,91.61730194091797,93.95832824707031,94.59745025634766,92.25397491455078,92.82588958740234,93.10408782958984,91.66842651367188,150.0
258,92.70690155029297,92.87762451171875,92.41329956054688,92.36927032470703,93.22578430175781,93.27811431884766,91.71292114257812,91.61730194091797,93.95832824707031,94.59745025634766,92.25397491455078,92.82588958740234,93.10408782958984,91.66842651367188,138.0
259,92.70690155029297,92.87762451171875,92.41329956054688,92.36927032470703,93.22578430175781,93.27811431884766,91.71292114257812,91.61730194091797,93.95832824707031,94.59745025634766,92.25397491455078,92.82588958740234,93.10408782958984,91.66842651367188,118.0
260,92.77152252197266,92.91260528564453,92.4110336303711,92.36299133300781,93.27184295654297,93.33732604980469,91.60529327392578,91.52201843261719,94.00371551513672,94.72969055175781,92.22329711914062,92.86099243164062,93.24376678466797,91.66392517089844,98.0
261,92.77152252197266,92.91260528564453,92.4110336303711,92.36299133300781,93.27184295654297,93.33732604980469,91.60529327392578,91.52201843261719,94.00371551513672,94.72969055175781,92.22329711914062,92.86099243164062,93.24376678466797,91.66392517089844,78.0
262,92.77152252197266,92.91260528564453,92.4110336303711,92.36299133300781,93.27184295654297,93.33732604980469,91.60529327392578,91.52201843261719,94.00371551513672,94.72969055175781,92.22329711914062,92.86099243164062,93.24376678466797,91.66392517089844,58.0
263,89.63330841064453,89.80777740478516,89.21385192871094,88.71885681152344,89.40440368652344,89.53173065185547,88.28551483154297,87.70518493652344,89.06806945800781,90.75038146972656,88.36174011230469,88.34302520751953,88.99415588378906,87.9489974975586,38.0
264,89.63330841064453,89.80777740478516,89.21385192871094,88.71885681152344,89.40440368652344,89.53173065185547,88.28551483154297,87.70518493652344,89.06806945800781,90.75038146972656,88.36174011230469,88.34302520751953,88.99415588378906,87.9489974975586,18.0
265,92.77152252197266,92.91260528564453,92.4110336303711,92.36299133300781,93.27184295654297,93.33732604980469,91.60529327392578,91.52201843261719,94.00371551513672,94.72969055175781,92.22329711914062,92.86099243164062,93.24376678466797,91.66392517089844,150.0
266,92.77152252197266,92.91260528564453,92.4110336303711,92.36299133300781,93.27184295654297,93.33732604980469,91.60529327392578,91.52201843261719,94.00371551513672,94.72969055175781,92.22329711914062,92.86099243164062,93.24376678466797,91.66392517089844,150.0
267,92.77152252197266,92.91260528564453,92.4110336303711,92.36299133300781,93.27184295654297,93.33732604980469,92.66255950927734,91.52201843261719,94.00371551513672,94.72969055175781,92.22329711914062,92.86099243164062,93.24376678466797,91.66392517089844,150.0
268,92.77152252197266,92.91260528564453,92.4110336303711,92.36299133300781,93.27184295654297,93.33732604980469,94.96346282958984,91.52201843261719,94.00371551513672,94.72969055175781,92.22329711914062,92.86099243164062,93.24376678466797,92.24364471435547,137.0
269,92.77152252197266,92.91260528564453,92.4110336303711,92.36299133300781,93.27184295654297,93.33732604980469,93.96675872802734,91.52201843261719,94.00371551513672,94.72969055175781,92.22329711914062,92.86099243164062,93.24376678466797,91.99547576904297,117.0
270,92.95753479003906,93.06526184082031,92.53777313232422,92.49177551269531,93.43411254882812,93.50923919677734,92.27950286865234,91.582275390625,94.16064453125,94.94222259521484,92.32918548583984,93.0224380493164,93.49070739746094,91.79761505126953,97.0
271,92.95753479003906,93.16612243652344,92.53777313232422,92.517578125,93.43411254882812,93.50923919677734,91.63719177246094,91.582275390625,94.16064453125,94.94222259521484,92.69152069091797,93.45026397705078,93.49070739746094,91.79761505126953,77.0
272,89.7976303100586,92.15411376953125,89.34011840820312,89.32417297363281,89.79595947265625,89.6882553100586,88.36385345458984,87.8070068359375,90.16246795654297,90.93860626220703,88.46846008300781,93.34150695800781,89.21154022216797,88.09290313720703,57.0
273,89.7976303100586,89.95213317871094,89.34011840820312,88.84532165527344,89.55481719970703,89.6882553100586,88.36385345458984,87.8070068359375,89.2093505859375,90.93860626220703,88.46846008300781,90.41847229003906,89.21154022216797,88.09290313720703,37.0
274,89.7976303100586,89.95213317871094,89.34011840820312,88.84532165527344,89.55481719970703,89.6882553100586,88.36385345458984,87.8070068359375,89.2093505859375,90.93860626220703,88.46846008300781,93.53436279296875,89.21154022216797,88.09290313720703,17.0
275,92.95753479003906,93.06526184082031,92.53777313232422,92.49177551269531,93.43411254882812,93.50923919677734,91.63719177246094,91.582275390625,94.16064453125,94.94222259521484,92.32918548583984,93.0224380493164,93.49070739746094,91.79761505126953,115.0
276,92.95753479003906,93.06526184082031,92.53777313232422,92.49177551269531,93.43411254882812,93.50923919677734,91.63719177246094,91.582275390625,94.16064453125,94.94222259521484,92.32918548583984,93.0224380493164,93.49070739746094,91.79761505126953,95.0
277,92.95753479003906,93.06526184082031,93.39041137695312,92.49177551269531,93.43411254882812,93.50923919677734,99.93331909179688,94.81527709960938,94.16064453125,94.94222259521484,93.76082611083984,93.0224380493164,93.49070739746094,97.53609466552734,75.0
278,92.95753479003906,93.06526184082031,92.53777313232422,92.49177551269531,93.43411254882812,93.50923919677734,91.88661193847656,91.582275390625,94.16064453125,94.94222259521484,92.32918548583984,93.0224380493164,93.49070739746094,91.79761505126953,55.0
279,92.95753479003906,93.06526184082031,92.53777313232422,92.49177551269531,93.43411254882812,93.50923919677734,91.63719177246094,91.582275390625,94.16064453125,94.94222259521484,92.32918548583984,93.0224380493164,93.49070739746094,91.79761505126953,35.0
280,89.58415985107422,89.71464538574219,89.09808349609375,88.6072006225586,89.32318115234375,89.46054077148438,88.08037567138672,87.55824279785156,88.96180725097656,90.71504211425781,88.21417999267578,88.24249267578125,89.04110717773438,87.87290954589844,15.0
281,135.0267333984375,131.49969482421875,132.40771484375,133.63592529296875,134.42332458496094,134.11639404296875,132.04519653320312,133.1324920654297,134.1420135498047,132.55181884765625,132.14866638183594,134.35293579101562,130.8082275390625,129.3162384033203,150.0
282,118.73406982421875,117.54814147949219,118.71971130371094,119.51948547363281,120.44136047363281,120.70661163330078,119.57837677001953,119.27793884277344,118.95936584472656,120.37427520751953,119.89120483398438,121.2548828125,118.58297729492188,118.47067260742188,150.0
283,115.65929412841797,114.78370666503906,115.62126159667969,116.71870422363281,117.75105285644531,118.0583724975586,115.96959686279297,115.73837280273438,117.18880462646484,117.91921997070312,117.19977569580078,118.94308471679688,116.65426635742188,115.60789489746094,150.0
284,122.22053527832031,120.17529296875,120.20637512207031,122.1669921875,123.29896545410156,123.25628662109375,118.69703674316406,119.60322570800781,125.25935363769531,122.52644348144531,121.43718719482422,124.49757385253906,122.25135803222656,118.47415161132812,150.0
285,134.83583068847656,130.69174194335938,129.5689697265625,132.79779052734375,134.0317840576172,133.38497924804688,125.23888397216797,127.96197509765625,139.5999755859375,131.5358123779297,129.9662322998047,134.9984893798828,132.60348510742188,124.81570434570312,150.0
286,143.307373046875,136.44125366210938,134.52273559570312,139.28485107421875,139.57606506347656,137.60182189941406,126.53804016113281,132.5123748779297,153.39036560058594,137.83106994628906,135.8485107421875,142.62667846679688,139.99826049804688,128.4036865234375,150.0
287,144.63572692871094,137.95809936523438,134.6227569580078,140.28871154785156,141.0721893310547,139.1665802001953,124.08939361572266,129.89036560058594,157.9145050048828,139.66043090820312,137.4642791748047,145.98304748535156,143.50413513183594,128.74313354492188,150.0
288,153.60177612304688,146.45668029785156,140.99249267578125,148.02850341796875,149.38121032714844,147.3250274658203,125.66500091552734,130.39918518066406,166.49803161621094,144.62332153320312,141.95042419433594,152.68418884277344,150.4002685546875,130.87338256835938,150.0
289,172.60430908203125,163.38352966308594,155.6365966796875,164.60043334960938,166.60577392578125,164.11422729492188,132.5061798095703,134.77169799804688,179.6901092529297,153.27610778808594,149.77232360839844,163.22537231445312,161.224609375,134.9703369140625,150.0
290,160.98265075683594,153.07920837402344,146.2312774658203,154.4384765625,156.88681030273438,155.1100311279297,126.60491180419922,134.15670776367188,175.0842742919922,149.6199951171875,144.21900939941406,154.97317504882812,158.3660430908203,129.9837188720703,141.0
291,92.38038635253906,92.55888366699219,92.0970687866211,91.91224670410156,92.83708190917969,92.98138427734375,91.24098205566406,91.19122314453125,93.21033477783203,94.51145935058594,91.86595916748047,92.31680297851562,93.09419250488281,91.58182525634766,150.0
292,105.19749450683594,105.62080383300781,107.1974105834961,106.77735900878906,107.37580871582031,107.9425048828125,109.77271270751953,108.03267669677734,102.52580261230469,108.45989990234375,108.0210952758789,107.8208999633789,105.04681396484375,108.99163818359375,150.0
293,123.58982849121094,121.90715789794922,122.73786926269531,124.1618423461914,125.30914306640625,125.52301025390625,122.82345581054688,123.15531158447266,124.13912200927734,124.3570556640625,123.66670989990234,126.00904083251953,123.25831604003906,122.19964599609375,150.0
294,131.04307556152344,128.51364135742188,128.88746643066406,131.26431274414062,132.70716857910156,132.78924560546875,127.65491485595703,129.01309204101562,133.85877990722656,131.0673370361328,130.1659393310547,133.7801513671875,131.2756805419922,127.4360122680664,150.0
295,131.95938110351562,129.2594757080078,129.2262725830078,132.01829528808594,133.57017517089844,133.60601806640625,127.11215209960938,128.93930053710938,136.39837646484375,132.01220703125,130.84835815429688,134.974609375,132.93344116210938,127.44646453857422,150.0
296,130.7408905029297,127.96394348144531,127.33432006835938,130.35728454589844,131.8984832763672,131.8380584716797,124.04029083251953,126.2672348022461,136.4713897705078,130.61305236816406,129.0435028076172,133.43283081054688,132.0662078857422,124.9766845703125,138.0
297,131.78970336914062,128.4462432861328,126.79163360595703,130.2147979736328,131.69235229492188,131.35015869140625,120.30133056640625,122.78276824951172,138.79141235351562,130.29127502441406,128.0808868408203,132.9952392578125,132.50856018066406,122.45654296875,118.0
298,129.89683532714844,127.5804443359375,123.8541030883789,128.14254760742188,129.51675415039062,129.12887573242188,112.76799011230469,114.54691314697266,140.26805114746094,128.66879272460938,125.82140350341797,131.074462890625,132.42286682128906,118.36752319335938,98.0
299,112.97994995117188,117.93553161621094,114.74209594726562,123.40289306640625,126.65090942382812,126.70376586914062,103.24036407470703,104.49166107177734,142.38815307617188,127.81205749511719,124.06416320800781,130.52740478515625,134.18780517578125,114.55459594726562,78.0
300,89.35404968261719,89.62812805175781,89.09037780761719,88.43023681640625,89.0982437133789,89.27909088134766,88.28164672851562,87.72736358642578,88.34101867675781,90.62349700927734,88.15435791015625,87.94364166259766,88.94622802734375,88.11981201171875,58.0
