id,label,predict_result,predict_score,type
100001,15,15,0.471752316,predict
100002,15,15,0.409849346,predict
100003,15,15,0.373113066,predict
100004,15,15,0.339366525,predict
100005,14,15,0.302886009,predict
100006,13,15,0.253520697,predict
100007,12,15,0.204697818,predict
100008,11,15,0.193100676,predict
100009,10,9,0.164719909,predict
100010,9,8,0.179510325,predict
100011,8,7,0.182601839,predict
100012,7,6,0.236580744,predict
100013,6,6,0.273211837,predict
100014,5,5,0.269330412,predict
100015,4,4,0.347019345,predict
100016,3,3,0.425299495,predict
100017,2,2,0.473947316,predict
100018,1,1,0.389822841,predict
100019,0,0,0.689475358,predict
300001,15,15,0.684120893,predict
300002,15,15,0.450396508,predict
300003,14,15,0.355843574,predict
300004,13,15,0.289266735,predict
300005,12,15,0.239762366,predict
300006,11,15,0.211445928,predict
300007,10,15,0.210998237,predict
300008,9,15,0.205487058,predict
300009,8,15,0.179848015,predict
300010,7,8,0.179597765,predict
300011,6,6,0.228517726,predict
300012,5,4,0.272196442,predict
300013,4,4,0.396325022,predict
300014,3,3,0.464677334,predict
300015,2,2,0.49715054,predict
300016,1,0,0.363697499,predict
300017,0,0,0.809498668,predict
400001,15,7,0.228130683,predict
400002,15,15,0.279097855,predict
400003,15,15,0.319731176,predict
400004,14,15,0.328678191,predict
400005,13,15,0.324550599,predict
400006,12,15,0.312842339,predict
400007,11,15,0.291778862,predict
400008,10,15,0.250476032,predict
400009,9,15,0.2107182,predict
400010,8,15,0.194677904,predict
400011,7,8,0.1686389,predict
400012,6,7,0.182601839,predict
400013,5,6,0.273537129,predict
400014,4,4,0.32788372,predict
400015,3,3,0.39845714,predict
400016,2,3,0.457882047,predict
400017,1,2,0.417481303,predict
400018,0,0,0.821380913,predict
600001,15,15,0.336711764,predict
600002,15,15,0.306876391,predict
600003,15,15,0.284449935,predict
600004,14,15,0.262901187,predict
600005,13,15,0.234496087,predict
600006,12,15,0.189665437,predict
600007,11,15,0.183833018,predict
600008,10,15,0.174626753,predict
600009,9,9,0.160864547,predict
600010,8,8,0.179359525,predict
600011,7,7,0.182601839,predict
600012,6,7,0.194285795,predict
600013,5,6,0.231210321,predict
600014,4,6,0.26124838,predict
600015,3,4,0.278641373,predict
600016,2,3,0.386503428,predict
600017,1,2,0.451045722,predict
600018,0,1,0.406009674,predict
700001,15,15,0.339847386,predict
700002,15,15,0.31804809,predict
700003,15,15,0.294417202,predict
700004,15,15,0.265149355,predict
700005,15,15,0.223796159,predict
700006,15,15,0.202508435,predict
700007,15,15,0.196541682,predict
700008,15,15,0.182786375,predict
700009,15,9,0.164304912,predict
700010,15,8,0.177832484,predict
700011,14,7,0.182601839,predict
700012,13,7,0.182601839,predict
700013,12,7,0.182601839,predict
700014,11,7,0.182601839,predict
700015,10,7,0.182601839,predict
700016,9,7,0.182601839,predict
700017,8,7,0.182601839,predict
700018,7,7,0.182601839,predict
700019,6,7,0.182601839,predict
700020,5,6,0.233691007,predict
800001,14,15,0.39693144,predict
800002,13,15,0.240471676,predict
800003,12,15,0.211588562,predict
800004,11,15,0.202560753,predict
800005,10,15,0.195083067,predict
800006,9,15,0.170909822,predict
800007,8,8,0.17500475,predict
800008,7,6,0.208737954,predict
800009,6,6,0.272516519,predict
800010,5,4,0.275752246,predict
800011,4,4,0.372617364,predict
800012,3,3,0.414682537,predict
800013,2,2,0.455442607,predict
800014,1,1,0.367051542,predict
800015,0,0,0.753550172,predict
900001,15,15,0.684697449,predict
900002,15,15,0.520336092,predict
900003,15,15,0.312300116,predict
900004,15,15,0.236327231,predict
900005,15,15,0.210927606,predict
900006,14,15,0.212585121,predict
900007,13,15,0.212159529,predict
900008,12,15,0.210537434,predict
900009,11,15,0.206195801,predict
900010,10,15,0.193254486,predict
900011,9,9,0.164408311,predict
900012,8,8,0.179593921,predict
900013,7,6,0.254602432,predict
900014,6,5,0.271012962,predict
900015,5,4,0.373592526,predict
900016,4,3,0.460880309,predict
900017,3,2,0.497488886,predict
900018,2,2,0.341829032,predict
900019,1,0,0.743940651,predict
900020,0,0,0.927583516,predict
1000001,15,15,0.515113115,predict
1000002,15,15,0.443212479,predict
1000003,15,15,0.400753528,predict
1000004,15,15,0.361652702,predict
1000005,15,15,0.320743591,predict
1000006,15,15,0.268920988,predict
1000007,15,15,0.205865175,predict
1000008,14,15,0.195552617,predict
1000009,13,15,0.171711877,predict
1000010,12,8,0.178053483,predict
1000011,11,7,0.182601839,predict
1000012,10,7,0.182601839,predict
1000013,9,7,0.182601839,predict
1000014,8,6,0.22767134,predict
1000015,7,6,0.270605087,predict
1000016,6,5,0.258670092,predict
1000017,5,4,0.306280345,predict
1000018,4,3,0.378841162,predict
1000019,3,2,0.431737065,predict
1000020,2,1,0.426259518,predict
1100001,15,15,0.418821841,predict
1100002,15,15,0.35608241,predict
1100003,15,15,0.303249508,predict
1100004,15,15,0.255528539,predict
1100005,15,15,0.209142312,predict
1100006,15,15,0.207561925,predict
1100007,15,15,0.203685656,predict
1100008,15,15,0.195046023,predict
1100009,15,15,0.176558137,predict
1100010,14,8,0.16465205,predict
1100011,13,8,0.179510653,predict
1100012,12,7,0.182601839,predict
1100013,11,7,0.182601839,predict
1100014,10,7,0.182601839,predict
1100015,9,7,0.182601839,predict
1100016,8,7,0.182601839,predict
1100017,7,7,0.197938532,predict
1100018,6,6,0.251028121,predict
1100019,5,4,0.2876966,predict
1100020,4,2,0.394426227,predict
1200001,15,7,0.29364416,predict
1200002,15,15,0.241807565,predict
1200003,14,15,0.275313407,predict
1200004,13,15,0.283978075,predict
1200005,12,15,0.266694546,predict
1200006,11,15,0.216528893,predict
1200007,10,15,0.195652634,predict
1200008,9,15,0.17236346,predict
1200009,8,8,0.178808481,predict
1200010,7,7,0.194800347,predict
1200011,6,6,0.263122022,predict
1200012,5,6,0.25972873,predict
1200013,4,4,0.323957384,predict
1200014,3,3,0.379869431,predict
1200015,2,2,0.407105118,predict
1200016,1,2,0.388253659,predict
1200017,0,0,0.610549331,predict
1300001,15,15,0.245188594,predict
1300002,14,15,0.272429198,predict
1300003,13,15,0.289701939,predict
1300004,12,15,0.299227625,predict
1300005,11,15,0.295819074,predict
1300006,10,15,0.261607587,predict
1300007,9,15,0.193724006,predict
1300008,8,8,0.165108845,predict
1300009,7,7,0.182601839,predict
1300010,6,6,0.273496687,predict
1300011,5,4,0.302981824,predict
1300012,4,4,0.400057465,predict
1300013,3,3,0.440582961,predict
1300014,2,2,0.440752327,predict
1300015,1,2,0.35742873,predict
1300016,0,0,0.78876406,predict
1400001,15,15,0.57609719,predict
1400002,15,15,0.49945569,predict
1400003,15,15,0.432663321,predict
1400004,14,15,0.371918142,predict
1400005,13,15,0.307879031,predict
1400006,12,15,0.220877394,predict
1400007,11,15,0.201132476,predict
1400008,10,15,0.177928314,predict
1400009,9,8,0.178146034,predict
1400010,8,7,0.182601839,predict
1400011,7,6,0.221749038,predict
1400012,6,6,0.273508042,predict
1400013,5,5,0.262377232,predict
1400014,4,4,0.3280707,predict
1400015,3,3,0.37920928,predict
1400016,2,2,0.433769345,predict
1400017,1,1,0.366112262,predict
1400018,0,0,0.573904872,predict
1500001,15,15,0.607712865,predict
1500002,15,15,0.521572888,predict
1500003,15,15,0.408612639,predict
1500004,15,15,0.353842467,predict
1500005,15,15,0.299201012,predict
1500006,14,15,0.232966691,predict
1500007,13,15,0.198993757,predict
1500008,12,15,0.189205438,predict
1500009,11,15,0.167242974,predict
1500010,10,8,0.169702888,predict
1500011,9,7,0.183973208,predict
1500012,8,7,0.182601839,predict
1500013,7,7,0.182774812,predict
1500014,6,6,0.248410329,predict
1500015,5,6,0.270154029,predict
1500016,4,4,0.322786272,predict
1500017,3,3,0.407411069,predict
1500018,2,2,0.440092295,predict
1500019,1,0,0.46216327,predict
1500020,0,0,0.786173642,predict
1600001,15,15,0.432143152,predict
1600002,15,15,0.346580565,predict
1600003,15,15,0.311739713,predict
1600004,15,15,0.272600949,predict
1600005,15,15,0.223686814,predict
1600006,14,15,0.199549049,predict
1600007,13,15,0.19434154,predict
1600008,12,15,0.184116066,predict
1600009,11,9,0.166423574,predict
1600010,10,8,0.168890297,predict
1600011,9,7,0.182137474,predict
1600012,8,7,0.182601839,predict
1600013,7,7,0.182601839,predict
1600014,6,7,0.182601839,predict
1600015,5,7,0.182601839,predict
1600016,4,6,0.204832643,predict
1600017,3,6,0.227115095,predict
1600018,2,3,0.323288292,predict
1600019,1,2,0.427517742,predict
1600020,0,1,0.460555226,predict
1800001,15,6,0.256563723,predict
1800002,15,15,0.195843711,predict
1800003,15,15,0.278012753,predict
1800004,15,15,0.303156316,predict
1800005,14,15,0.305783898,predict
1800006,13,15,0.296912611,predict
1800007,12,15,0.27742061,predict
1800008,11,15,0.239375889,predict
1800009,10,15,0.209847823,predict
1800010,9,15,0.199419484,predict
1800011,8,9,0.162004188,predict
1800012,7,7,0.192459866,predict
1800013,6,6,0.257549673,predict
1800014,5,4,0.354620576,predict
1800015,4,3,0.401822299,predict
1800016,3,3,0.475761831,predict
1800017,2,2,0.518446505,predict
1800018,1,0,0.578350663,predict
1800019,0,0,0.889726937,predict
1900001,14,15,0.411264688,predict
1900002,13,15,0.341368675,predict
1900003,12,15,0.254846543,predict
1900004,11,15,0.186963901,predict
1900005,10,15,0.168839753,predict
1900006,9,9,0.161618397,predict
1900007,8,7,0.190922052,predict
1900008,7,6,0.258278102,predict
1900009,6,6,0.270506829,predict
1900010,5,5,0.268618375,predict
1900011,4,4,0.336518258,predict
1900012,3,3,0.370605439,predict
1900013,2,3,0.430532724,predict
1900014,1,2,0.467546821,predict
1900015,0,1,0.369425297,predict
2100001,15,15,0.24650006,predict
2100002,15,15,0.349297941,predict
2100003,15,15,0.366856426,predict
2100004,15,15,0.365184098,predict
2100005,14,15,0.353326857,predict
2100006,13,15,0.333099306,predict
2100007,12,15,0.301353782,predict
2100008,11,15,0.246620178,predict
2100009,10,15,0.209618866,predict
2100010,9,15,0.197115168,predict
2100011,8,8,0.166675597,predict
2100012,7,7,0.182601839,predict
2100013,6,7,0.182601839,predict
2100014,5,6,0.273855507,predict
2100015,4,4,0.303878516,predict
2100016,3,3,0.378420472,predict
2100017,2,3,0.418769717,predict
2100018,1,2,0.411821991,predict
2100019,0,0,0.727005363,predict
2200001,15,15,0.180354089,predict
2200002,15,15,0.185752466,predict
2200003,15,15,0.190848425,predict
2200004,15,15,0.194004163,predict
2200005,15,15,0.195397913,predict
2200006,14,15,0.194947094,predict
2200007,13,15,0.19203712,predict
2200008,12,15,0.185032621,predict
2200009,11,15,0.17021203,predict
2200010,10,8,0.162688747,predict
2200011,9,8,0.179526031,predict
2200012,8,7,0.182601839,predict
2200013,7,7,0.1840377,predict
2200014,6,6,0.212202817,predict
2200015,5,6,0.250341207,predict
2200016,4,6,0.23465462,predict
2200017,3,5,0.248225376,predict
2200018,2,3,0.332882196,predict
2200019,1,2,0.380931407,predict
2200020,0,1,0.393463105,predict
2300001,15,15,0.425823748,predict
2300002,14,15,0.374201089,predict
2300003,13,15,0.331231803,predict
2300004,12,15,0.28812179,predict
2300005,11,15,0.229485989,predict
2300006,10,15,0.199899331,predict
2300007,9,15,0.177691221,predict
2300008,8,8,0.177699208,predict
2300009,7,6,0.261539131,predict
2300010,6,5,0.25792852,predict
2300011,5,4,0.293176025,predict
2300012,4,4,0.367206186,predict
2300013,3,3,0.384870857,predict
2300014,2,3,0.44564572,predict
2300015,1,2,0.477622479,predict
2300016,0,1,0.395369381,predict
2400001,13,15,0.551966786,predict
2400002,12,15,0.390255302,predict
2400003,11,15,0.237390041,predict
2400004,10,15,0.189695671,predict
2400005,9,15,0.183496103,predict
2400006,8,9,0.169481486,predict
2400007,7,8,0.167351723,predict
2400008,6,7,0.18268925,predict
2400009,5,6,0.273885608,predict
2400010,4,4,0.315808326,predict
2400011,3,3,0.409111619,predict
2400012,2,2,0.464596987,predict
2400013,1,0,0.418461859,predict
2400014,0,0,0.88575834,predict
2500001,15,15,0.64150548,predict
2500002,15,15,0.427010208,predict
2500003,15,15,0.336446971,predict
2500004,15,15,0.270115107,predict
2500005,15,15,0.220032126,predict
2500006,15,15,0.211580217,predict
2500007,15,15,0.211423934,predict
2500008,15,15,0.210486934,predict
2500009,14,15,0.207419604,predict
2500010,13,15,0.198232472,predict
2500011,12,15,0.173458576,predict
2500012,11,8,0.177535355,predict
2500013,10,7,0.182601839,predict
2500014,9,7,0.182601839,predict
2500015,8,7,0.182601839,predict
2500016,7,6,0.250539869,predict
2500017,6,5,0.256479859,predict
2500018,5,4,0.323785007,predict
2500019,4,3,0.374184191,predict
2500020,3,2,0.380474865,predict
2600001,15,15,0.539997518,predict
2600002,15,15,0.412877053,predict
2600003,15,15,0.385557175,predict
2600004,15,15,0.360691339,predict
2600005,14,15,0.33664608,predict
2600006,13,15,0.310524017,predict
2600007,12,15,0.276616931,predict
2600008,11,15,0.222519651,predict
2600009,10,15,0.211130619,predict
2600010,9,15,0.199200973,predict
2600011,8,15,0.162828982,predict
2600012,7,7,0.18279399,predict
2600013,6,7,0.182601839,predict
2600014,5,6,0.228788525,predict
2600015,4,5,0.260944694,predict
2600016,3,4,0.35812363,predict
2600017,2,3,0.421992153,predict
2600018,1,2,0.462509662,predict
2600019,0,2,0.342332691,predict
2700001,14,15,0.436290085,predict
2700002,13,15,0.365913123,predict
2700003,12,15,0.358345956,predict
2700004,11,15,0.336066395,predict
2700005,10,15,0.293337107,predict
2700006,9,15,0.203321978,predict
2700007,8,15,0.179268986,predict
2700008,7,8,0.179567009,predict
2700009,6,7,0.19130902,predict
2700010,5,6,0.271105379,predict
2700011,4,4,0.316958249,predict
2700012,3,3,0.376793593,predict
2700013,2,3,0.453109831,predict
2700014,1,2,0.445996433,predict
2700015,0,0,0.707129955,predict
2800001,15,15,0.462174326,predict
2800002,14,15,0.36939472,predict
2800003,13,15,0.295700818,predict
2800004,12,15,0.231981143,predict
2800005,11,15,0.206604809,predict
2800006,10,15,0.196450248,predict
2800007,9,15,0.16696693,predict
2800008,8,8,0.178160205,predict
2800009,7,6,0.270431489,predict
2800010,6,5,0.270997465,predict
2800011,5,4,0.367786378,predict
2800012,4,3,0.440380305,predict
2800013,3,3,0.448328018,predict
2800014,2,2,0.512847781,predict
2800015,1,1,0.331316024,predict
2800016,0,0,0.597631991,predict
2900001,15,15,0.580373943,predict
2900002,14,15,0.362999916,predict
2900003,13,15,0.228118494,predict
2900004,12,15,0.194292501,predict
2900005,11,15,0.189449206,predict
2900006,10,15,0.177171424,predict
2900007,9,8,0.163740352,predict
2900008,8,7,0.194857225,predict
2900009,7,6,0.271528006,predict
2900010,6,5,0.267847478,predict
2900011,5,4,0.353339434,predict
2900012,4,3,0.396444291,predict
2900013,3,3,0.463622272,predict
2900014,2,2,0.488568157,predict
2900015,1,2,0.383898526,predict
2900016,0,0,0.476789087,predict
3000001,15,15,0.507598519,predict
3000002,15,15,0.37237525,predict
3000003,15,15,0.330325454,predict
3000004,15,15,0.29890728,predict
3000005,14,15,0.271710038,predict
3000006,13,15,0.240701631,predict
3000007,12,15,0.208837345,predict
3000008,11,15,0.203004301,predict
3000009,10,15,0.183309883,predict
3000010,9,8,0.169515535,predict
3000011,8,7,0.182601839,predict
3000012,7,6,0.258515626,predict
3000013,6,6,0.257432312,predict
3000014,5,4,0.325153947,predict
3000015,4,3,0.37237069,predict
3000016,3,3,0.43357119,predict
3000017,2,2,0.47341758,predict
3000018,1,0,0.440907717,predict
3000019,0,0,0.762485266,predict
3100001,15,15,0.380961806,predict
3100002,15,15,0.329650849,predict
3100003,15,15,0.287554681,predict
3100004,15,15,0.237603933,predict
3100005,15,15,0.198704228,predict
3100006,15,15,0.192782104,predict
3100007,15,15,0.184188709,predict
3100008,15,15,0.170809254,predict
3100009,14,9,0.162262514,predict
3100010,13,8,0.174157128,predict
3100011,12,7,0.182990789,predict
3100012,11,7,0.182601839,predict
3100013,10,7,0.182601839,predict
3100014,9,7,0.182601839,predict
3100015,8,7,0.182601839,predict
3100016,7,6,0.211204842,predict
3100017,6,5,0.224562049,predict
3100018,5,3,0.299196184,predict
3100019,4,2,0.367023021,predict
3100020,3,2,0.39422515,predict
3200001,15,15,0.483880877,predict
3200002,15,15,0.421174318,predict
3200003,15,15,0.369932503,predict
3200004,15,15,0.325965494,predict
3200005,14,15,0.282417029,predict
3200006,13,15,0.227941245,predict
3200007,12,15,0.203598365,predict
3200008,11,15,0.191712528,predict
3200009,10,9,0.163541019,predict
3200010,9,8,0.179566085,predict
3200011,8,7,0.182601839,predict
3200012,7,7,0.201341376,predict
3200013,6,6,0.259105235,predict
3200014,5,6,0.27308467,predict
3200015,4,4,0.270542562,predict
3200016,3,4,0.31878078,predict
3200017,2,3,0.389128864,predict
3200018,1,2,0.439901382,predict
3200019,0,1,0.439533472,predict
3300001,15,15,0.334115207,predict
3300002,15,15,0.309713483,predict
3300003,15,15,0.295049876,predict
3300004,15,15,0.284476191,predict
3300005,15,15,0.272553653,predict
3300006,14,15,0.253022403,predict
3300007,13,15,0.216320723,predict
3300008,12,15,0.194929674,predict
3300009,11,15,0.179831177,predict
3300010,10,8,0.16386126,predict
3300011,9,7,0.181906193,predict
3300012,8,6,0.230197906,predict
3300013,7,6,0.272343308,predict
3300014,6,6,0.259736747,predict
3300015,5,4,0.311893731,predict
3300016,4,3,0.363379389,predict
3300017,3,2,0.40171051,predict
3300018,2,2,0.410552621,predict
3300019,1,0,0.447727501,predict
3300020,0,0,0.727451086,predict
3400001,15,15,0.561786771,predict
3400002,15,15,0.455174088,predict
3400003,15,15,0.381920546,predict
3400004,15,15,0.324021429,predict
3400005,14,15,0.275146663,predict
3400006,13,15,0.225983456,predict
3400007,12,15,0.210403323,predict
3400008,11,15,0.207330853,predict
3400009,10,15,0.194828838,predict
3400010,9,9,0.162167698,predict
3400011,8,7,0.182803199,predict
3400012,7,7,0.182601839,predict
3400013,6,6,0.270146579,predict
3400014,5,5,0.269058168,predict
3400015,4,4,0.352773011,predict
3400016,3,3,0.383732945,predict
3400017,2,3,0.416571468,predict
3400018,1,2,0.457870096,predict
3400019,0,0,0.477985203,predict
3500001,15,15,0.551336288,predict
3500002,15,15,0.404689729,predict
3500003,15,15,0.367534459,predict
3500004,14,15,0.337562829,predict
3500005,13,15,0.301780432,predict
3500006,12,15,0.248186961,predict
3500007,11,15,0.198225647,predict
3500008,10,15,0.181810021,predict
3500009,9,8,0.170740277,predict
3500010,8,7,0.182601839,predict
3500011,7,7,0.201919705,predict
3500012,6,6,0.274035543,predict
3500013,5,4,0.283730149,predict
3500014,4,3,0.348964453,predict
3500015,3,3,0.436009526,predict
3500016,2,2,0.484274179,predict
3500017,1,1,0.371288806,predict
3500018,0,0,0.649332345,predict
3600001,14,15,0.523378909,predict
3600002,13,15,0.389895022,predict
3600003,12,15,0.338453293,predict
3600004,11,15,0.291294605,predict
3600005,10,15,0.212441683,predict
3600006,9,15,0.182877555,predict
3600007,8,9,0.162070245,predict
3600008,7,7,0.18350558,predict
3600009,6,6,0.253771365,predict
3600010,5,6,0.258484691,predict
3600011,4,4,0.308758289,predict
3600012,3,4,0.349716395,predict
3600013,2,3,0.447469264,predict
3600014,1,2,0.481045872,predict
3600015,0,1,0.362628371,predict
3700001,15,15,0.586238146,predict
3700002,15,15,0.487640589,predict
3700003,14,15,0.355620325,predict
3700004,13,15,0.308199674,predict
3700005,12,15,0.245911732,predict
3700006,11,15,0.197604388,predict
3700007,10,15,0.180043459,predict
3700008,9,8,0.166554093,predict
3700009,8,7,0.183808759,predict
3700010,7,7,0.183783755,predict
3700011,6,6,0.263443917,predict
3700012,5,5,0.261358947,predict
3700013,4,4,0.345991731,predict
3700014,3,3,0.431366026,predict
3700015,2,2,0.485969037,predict
3700016,1,1,0.364969373,predict
3700017,0,0,0.73454845,predict
3800001,15,15,0.689373016,predict
3800002,15,15,0.551034272,predict
3800003,15,15,0.470111847,predict
3800004,15,15,0.404701293,predict
3800005,14,15,0.351442873,predict
3800006,13,15,0.30368793,predict
3800007,12,15,0.249809504,predict
3800008,11,15,0.212458074,predict
3800009,10,15,0.207967684,predict
3800010,9,15,0.184665635,predict
3800011,8,8,0.175664499,predict
3800012,7,7,0.182601839,predict
3800013,6,6,0.26941976,predict
3800014,5,4,0.320199162,predict
3800015,4,4,0.357978582,predict
3800016,3,3,0.455686152,predict
3800017,2,2,0.445041001,predict
3800018,1,2,0.451565027,predict
3800019,0,0,0.462326944,predict
3900001,11,15,0.471402317,predict
3900002,10,15,0.283793747,predict
3900003,9,15,0.187503129,predict
3900004,8,15,0.166099072,predict
3900005,7,7,0.167227075,predict
3900006,6,7,0.252397656,predict
3900007,5,6,0.267617315,predict
3900008,4,4,0.294345677,predict
3900009,3,4,0.384874433,predict
3900010,2,3,0.462307274,predict
3900011,1,2,0.524753332,predict
3900012,0,0,0.599611998,predict
4000001,15,15,0.620776355,predict
4000002,15,15,0.486144841,predict
4000003,15,15,0.388704777,predict
4000004,14,15,0.313610017,predict
4000005,13,15,0.25044933,predict
4000006,12,15,0.211473107,predict
4000007,11,15,0.210639238,predict
4000008,10,15,0.200972199,predict
4000009,9,15,0.165236458,predict
4000010,8,8,0.179580331,predict
4000011,7,7,0.182601839,predict
4000012,6,6,0.263569623,predict
4000013,5,5,0.267481565,predict
4000014,4,4,0.333399534,predict
4000015,3,4,0.356541902,predict
4000016,2,3,0.444687396,predict
4000017,1,2,0.475898951,predict
4000018,0,1,0.395099401,predict
4100001,15,15,0.376361132,predict
4100002,15,15,0.331756592,predict
4100003,15,15,0.295737326,predict
4100004,15,15,0.264543056,predict
4100005,15,15,0.232650742,predict
4100006,15,15,0.203803033,predict
4100007,14,15,0.19973816,predict
4100008,13,15,0.19093281,predict
4100009,12,15,0.171582609,predict
4100010,11,8,0.168051213,predict
4100011,10,7,0.183609679,predict
4100012,9,7,0.191825509,predict
4100013,8,6,0.249732241,predict
4100014,7,6,0.274047643,predict
4100015,6,5,0.259252369,predict
4100016,5,4,0.305278003,predict
4100017,4,3,0.319596082,predict
4100018,3,3,0.375201285,predict
4100019,2,2,0.434772849,predict
4100020,1,1,0.436545521,predict
4200001,15,15,0.506625891,predict
4200002,15,15,0.412914783,predict
4200003,15,15,0.369913876,predict
4200004,15,15,0.32962665,predict
4200005,14,15,0.285966814,predict
4200006,13,15,0.228509262,predict
4200007,12,15,0.197425127,predict
4200008,11,15,0.182701752,predict
4200009,10,9,0.163446024,predict
4200010,9,8,0.178866372,predict
4200011,8,7,0.182601839,predict
4200012,7,7,0.202635169,predict
4200013,6,6,0.262529552,predict
4200014,5,6,0.270869434,predict
4200015,4,4,0.267316341,predict
4200016,3,4,0.327651352,predict
4200017,2,3,0.395154208,predict
4200018,1,2,0.425721467,predict
4200019,0,1,0.43562597,predict
4300001,15,15,0.56686759,predict
4300002,15,15,0.435239375,predict
4300003,15,15,0.322793424,predict
4300004,15,15,0.283011198,predict
4300005,15,15,0.247958779,predict
4300006,14,15,0.209382728,predict
4300007,13,15,0.20232369,predict
4300008,12,15,0.196855739,predict
4300009,11,15,0.181439683,predict
4300010,10,8,0.163368762,predict
4300011,9,7,0.183738843,predict
4300012,8,7,0.182601839,predict
4300013,7,6,0.21058099,predict
4300014,6,6,0.272515744,predict
4300015,5,5,0.265082419,predict
4300016,4,4,0.328797191,predict
4300017,3,3,0.419639885,predict
4300018,2,2,0.461744696,predict
4300019,1,1,0.402103454,predict
4300020,0,0,0.695409298,predict
4400001,15,15,0.372595876,predict
4400002,15,15,0.334615976,predict
4400003,15,15,0.305307448,predict
4400004,15,15,0.280978411,predict
4400005,14,15,0.255713612,predict
4400006,13,15,0.220186517,predict
4400007,12,15,0.196561545,predict
4400008,11,15,0.182136819,predict
4400009,10,9,0.160647929,predict
4400010,9,8,0.179334223,predict
4400011,8,6,0.223905593,predict
4400012,7,6,0.271302223,predict
4400013,6,6,0.260954171,predict
4400014,5,4,0.307335347,predict
4400015,4,3,0.348197609,predict
4400016,3,3,0.42797187,predict
4400017,2,2,0.47393769,predict
4400018,1,1,0.391131699,predict
4400019,0,0,0.649355292,predict
4500001,14,15,0.542268813,predict
4500002,13,15,0.370774359,predict
4500003,12,15,0.304940343,predict
4500004,11,15,0.274977505,predict
4500005,10,15,0.234453693,predict
4500006,9,15,0.197606564,predict
4500007,8,15,0.16680488,predict
4500008,7,8,0.179417595,predict
4500009,6,6,0.265679538,predict
4500010,5,5,0.270547122,predict
4500011,4,4,0.378375441,predict
4500012,3,3,0.444151372,predict
4500013,2,2,0.469817281,predict
4500014,1,2,0.336159229,predict
4500015,0,0,0.769131899,predict
4600001,15,15,0.327954143,predict
4600002,15,15,0.331029922,predict
4600003,15,15,0.322856784,predict
4600004,15,15,0.30034408,predict
4600005,15,15,0.257112563,predict
4600006,15,15,0.199756265,predict
4600007,15,15,0.191148773,predict
4600008,15,15,0.175431326,predict
4600009,15,8,0.160487562,predict
4600010,15,8,0.177858263,predict
4600011,14,7,0.183063567,predict
4600012,13,7,0.182601839,predict
4600013,12,7,0.182601839,predict
4600014,11,7,0.182601839,predict
4600015,10,7,0.182601839,predict
4600016,9,7,0.182601839,predict
4600017,8,7,0.182601839,predict
4600018,7,7,0.182601839,predict
4600019,6,7,0.178305909,predict
4600020,5,5,0.244939193,predict
4700001,15,15,0.55308038,predict
4700002,15,15,0.429712087,predict
4700003,15,15,0.353731632,predict
4700004,15,15,0.304531306,predict
4700005,15,15,0.254225135,predict
4700006,15,15,0.196036756,predict
4700007,14,15,0.191353768,predict
4700008,13,15,0.181261823,predict
4700009,12,9,0.164134562,predict
4700010,11,8,0.175612986,predict
4700011,10,7,0.182657465,predict
4700012,9,7,0.182601839,predict
4700013,8,7,0.196265116,predict
4700014,7,6,0.253034621,predict
4700015,6,5,0.246367261,predict
4700016,5,4,0.305173755,predict
4700017,4,3,0.39656502,predict
4700018,3,2,0.448294699,predict
4700019,2,1,0.426430345,predict
4700020,1,0,0.55325824,predict
4900001,15,15,0.42315942,predict
4900002,15,15,0.368769616,predict
4900003,15,15,0.321851552,predict
4900004,15,15,0.278439224,predict
4900005,15,15,0.23261109,predict
4900006,15,15,0.207959756,predict
4900007,14,15,0.204032719,predict
4900008,13,15,0.194135278,predict
4900009,12,15,0.172120675,predict
4900010,11,8,0.175142571,predict
4900011,10,7,0.183312848,predict
4900012,9,7,0.182601839,predict
4900013,8,7,0.191648036,predict
4900014,7,6,0.225790873,predict
4900015,6,6,0.259125352,predict
4900016,5,6,0.271171004,predict
4900017,4,5,0.254254967,predict
4900018,3,4,0.285725385,predict
4900019,2,2,0.364667743,predict
4900020,1,1,0.411512703,predict
5000001,15,15,0.615493357,predict
5000002,15,15,0.478615016,predict
5000003,15,15,0.395372599,predict
5000004,15,15,0.32242322,predict
5000005,14,15,0.252975315,predict
5000006,13,15,0.204955831,predict
5000007,12,15,0.199909672,predict
5000008,11,15,0.187365949,predict
5000009,10,9,0.162706211,predict
5000010,9,8,0.179500133,predict
5000011,8,7,0.182601839,predict
5000012,7,6,0.213385344,predict
5000013,6,6,0.271330684,predict
5000014,5,6,0.258728713,predict
5000015,4,4,0.304178208,predict
5000016,3,3,0.339360923,predict
5000017,2,3,0.408845633,predict
5000018,1,2,0.446757853,predict
5000019,0,1,0.423004746,predict
5100001,15,15,0.275616646,predict
5100002,15,15,0.254078805,predict
5100003,15,15,0.242698789,predict
5100004,15,15,0.235551208,predict
5100005,15,15,0.226307869,predict
5100006,15,15,0.20872359,predict
5100007,14,15,0.207286626,predict
5100008,13,15,0.205449656,predict
5100009,12,15,0.200227275,predict
5100010,11,15,0.187568516,predict
5100011,10,8,0.163619325,predict
5100012,9,7,0.180957198,predict
5100013,8,7,0.182601839,predict
5100014,7,6,0.21521917,predict
5100015,6,6,0.269876719,predict
5100016,5,4,0.33272019,predict
5100017,4,3,0.406033725,predict
5100018,3,2,0.408842713,predict
5100019,2,2,0.47536397,predict
5100020,1,0,0.363133192,predict
5200001,15,15,0.525628269,predict
5200002,15,15,0.381222755,predict
5200003,15,15,0.346084446,predict
5200004,15,15,0.316694319,predict
5200005,15,15,0.287969232,predict
5200006,15,15,0.252969444,predict
5200007,14,15,0.208067685,predict
5200008,13,15,0.203113899,predict
5200009,12,15,0.18946971,predict
5200010,11,8,0.162088677,predict
5200011,10,7,0.181764826,predict
5200012,9,7,0.182601839,predict
5200013,8,7,0.201305032,predict
5200014,7,6,0.268362641,predict
5200015,6,6,0.265955538,predict
5200016,5,4,0.275481433,predict
5200017,4,4,0.321592927,predict
5200018,3,3,0.381912887,predict
5200019,2,2,0.416365355,predict
5200020,1,1,0.417194158,predict
5300001,15,15,0.610968888,predict
5300002,15,15,0.502520978,predict
5300003,15,15,0.427319884,predict
5300004,15,15,0.397302866,predict
5300005,14,15,0.362488508,predict
5300006,13,15,0.318655998,predict
5300007,12,15,0.254538924,predict
5300008,11,15,0.204797864,predict
5300009,10,15,0.191568539,predict
5300010,9,9,0.163598567,predict
5300011,8,8,0.179582179,predict
5300012,7,7,0.182601839,predict
5300013,6,6,0.230395347,predict
5300014,5,6,0.261713386,predict
5300015,4,4,0.334825754,predict
5300016,3,3,0.405591726,predict
5300017,2,2,0.463473558,predict
5300018,1,2,0.338985652,predict
5300019,0,0,0.711248636,predict
5400001,15,15,0.432241261,predict
5400002,15,15,0.367040128,predict
5400003,15,15,0.304207742,predict
5400004,15,15,0.239328951,predict
5400005,15,15,0.204211637,predict
5400006,15,15,0.200079277,predict
5400007,15,15,0.192614764,predict
5400008,15,15,0.179620355,predict
5400009,15,9,0.161229938,predict
5400010,15,8,0.176390752,predict
5400011,14,7,0.183061004,predict
5400012,13,7,0.182601839,predict
5400013,12,7,0.182601839,predict
5400014,11,7,0.182601839,predict
5400015,10,7,0.182601839,predict
5400016,9,7,0.182601839,predict
5400017,8,7,0.182601839,predict
5400018,7,7,0.182601839,predict
5400019,6,7,0.182601839,predict
5400020,5,7,0.182601839,predict
5500001,15,15,0.568860412,predict
5500002,15,15,0.406130522,predict
5500003,15,15,0.360443294,predict
5500004,15,15,0.32544142,predict
5500005,14,15,0.298996896,predict
5500006,13,15,0.277721196,predict
5500007,12,15,0.256075352,predict
5500008,11,15,0.222859591,predict
5500009,10,15,0.213275075,predict
5500010,9,15,0.207506865,predict
5500011,8,15,0.164305955,predict
5500012,7,7,0.182601839,predict
5500013,6,6,0.206532702,predict
5500014,5,5,0.271006495,predict
5500015,4,4,0.394222915,predict
5500016,3,3,0.472872674,predict
5500017,2,2,0.534280479,predict
5500018,1,0,0.510160148,predict
5500019,0,0,0.902019382,predict
5700001,12,15,0.519420326,predict
5700002,11,15,0.360950857,predict
5700003,10,15,0.273258448,predict
5700004,9,15,0.204753369,predict
5700005,8,15,0.193063542,predict
5700006,7,9,0.163012132,predict
5700007,6,6,0.233540848,predict
5700008,5,5,0.270436138,predict
5700009,4,4,0.391920269,predict
5700010,3,3,0.453946114,predict
5700011,2,2,0.474296451,predict
5700012,1,2,0.349643916,predict
5700013,0,0,0.810912371,predict
5800001,13,15,0.416200936,predict
5800002,12,15,0.307337195,predict
5800003,11,15,0.283907115,predict
5800004,10,15,0.249825448,predict
5800005,9,15,0.202710062,predict
5800006,8,15,0.181701675,predict
5800007,7,8,0.172156736,predict
5800008,6,6,0.262757838,predict
5800009,5,5,0.267012239,predict
5800010,4,4,0.355204672,predict
5800011,3,3,0.388706714,predict
5800012,2,3,0.472319245,predict
5800013,1,2,0.441734046,predict
5800014,0,0,0.76831764,predict
5900001,15,15,0.570783615,predict
5900002,15,15,0.515584946,predict
5900003,15,15,0.419192463,predict
5900004,15,15,0.31887871,predict
5900005,15,15,0.236386895,predict
5900006,15,15,0.190202445,predict
5900007,15,15,0.179231033,predict
5900008,15,9,0.166670233,predict
5900009,14,8,0.164244175,predict
5900010,13,8,0.179171205,predict
5900011,12,7,0.182601839,predict
5900012,11,7,0.182601839,predict
5900013,10,7,0.182601839,predict
5900014,9,7,0.182601839,predict
5900015,8,7,0.182601839,predict
5900016,7,6,0.194988757,predict
5900017,6,5,0.228222936,predict
5900018,5,3,0.341651171,predict
5900019,4,2,0.410076797,predict
5900020,3,1,0.402078152,predict
6000001,15,15,0.418851584,predict
6000002,15,15,0.351718009,predict
6000003,14,15,0.305327177,predict
6000004,13,15,0.27074486,predict
6000005,12,15,0.236761674,predict
6000006,11,15,0.208015665,predict
6000007,10,15,0.200499505,predict
6000008,9,15,0.176497608,predict
6000009,8,8,0.178154901,predict
6000010,7,6,0.213336959,predict
6000011,6,5,0.256827593,predict
6000012,5,4,0.336914301,predict
6000013,4,3,0.376901716,predict
6000014,3,3,0.471602619,predict
6000015,2,2,0.521893859,predict
6000016,1,0,0.470716774,predict
6000017,0,0,0.838231146,predict
6100001,15,15,0.314493179,predict
6100002,15,15,0.290500909,predict
6100003,15,15,0.280422807,predict
6100004,14,15,0.272704035,predict
6100005,13,15,0.260247886,predict
6100006,12,15,0.233740836,predict
6100007,11,15,0.19661133,predict
6100008,10,15,0.182233125,predict
6100009,9,9,0.160862282,predict
6100010,8,7,0.180951729,predict
6100011,7,7,0.203236803,predict
6100012,6,6,0.272183627,predict
6100013,5,5,0.265901208,predict
6100014,4,4,0.347731203,predict
6100015,3,3,0.443001539,predict
6100016,2,2,0.495743006,predict
6100017,1,0,0.42519471,predict
6100018,0,0,0.806559622,predict
6200001,15,15,0.434741974,predict
6200002,15,15,0.314916193,predict
6200003,15,15,0.274216831,predict
6200004,14,15,0.237801775,predict
6200005,13,15,0.205976769,predict
6200006,12,15,0.203122497,predict
6200007,11,15,0.194034964,predict
6200008,10,15,0.168189913,predict
6200009,9,8,0.17311947,predict
6200010,8,7,0.201224819,predict
6200011,7,6,0.268198609,predict
6200012,6,6,0.262805104,predict
6200013,5,5,0.270453125,predict
6200014,4,4,0.33545953,predict
6200015,3,3,0.346102953,predict
6200016,2,3,0.367990673,predict
6200017,1,2,0.383001119,predict
6200018,0,1,0.464521408,predict
6300001,15,15,0.554671168,predict
6300002,15,15,0.459071487,predict
6300003,14,15,0.379867852,predict
6300004,13,15,0.314080268,predict
6300005,12,15,0.252875715,predict
6300006,11,15,0.212205216,predict
6300007,10,15,0.208293557,predict
6300008,9,15,0.195759311,predict
6300009,8,9,0.161686271,predict
6300010,7,7,0.183192596,predict
6300011,6,6,0.264036894,predict
6300012,5,4,0.27182284,predict
6300013,4,4,0.362459064,predict
6300014,3,3,0.465366244,predict
6300015,2,2,0.513060331,predict
6300016,1,0,0.338415116,predict
6300017,0,0,0.732839346,predict
6400001,15,15,0.347171664,predict
6400002,15,15,0.320304066,predict
6400003,15,15,0.284323901,predict
6400004,15,15,0.235744849,predict
6400005,15,15,0.207033366,predict
6400006,15,15,0.205222115,predict
6400007,15,15,0.200125694,predict
6400008,15,15,0.19000484,predict
6400009,15,15,0.17178379,predict
6400010,15,8,0.178086832,predict
6400011,15,7,0.181298479,predict
6400012,15,7,0.182601839,predict
6400013,15,7,0.182601839,predict
6400014,14,7,0.182601839,predict
6400015,13,7,0.182601839,predict
6400016,12,7,0.182601839,predict
6400017,11,7,0.182601839,predict
6400018,10,7,0.182601839,predict
6400019,9,7,0.182601839,predict
6400020,8,7,0.182601839,predict
6500001,14,15,0.529502451,predict
6500002,13,15,0.293538809,predict
6500003,12,15,0.244638696,predict
6500004,11,15,0.212496996,predict
6500005,10,15,0.206796795,predict
6500006,9,15,0.200468898,predict
6500007,8,15,0.174105674,predict
6500008,7,8,0.179285958,predict
6500009,6,6,0.271182865,predict
6500010,5,4,0.346748263,predict
6500011,4,3,0.423532814,predict
6500012,3,3,0.464305133,predict
6500013,2,2,0.491761416,predict
6500014,1,0,0.640018344,predict
6500015,0,0,0.901751101,predict
6800001,15,15,0.608225226,predict
6800002,15,15,0.500322223,predict
6800003,15,15,0.441537946,predict
6800004,15,15,0.389082342,predict
6800005,14,15,0.339215636,predict
6800006,13,15,0.283690482,predict
6800007,12,15,0.21264644,predict
6800008,11,15,0.208306044,predict
6800009,10,15,0.191628143,predict
6800010,9,8,0.164627284,predict
6800011,8,7,0.183734819,predict
6800012,7,7,0.182601839,predict
6800013,6,6,0.246429667,predict
6800014,5,5,0.256946266,predict
6800015,4,4,0.311815768,predict
6800016,3,3,0.348635495,predict
6800017,2,3,0.440086335,predict
6800018,1,2,0.480318159,predict
6800019,0,0,0.39889425,predict
7000001,12,15,0.205059275,predict
7000002,11,15,0.237217486,predict
7000003,10,15,0.292961121,predict
7000004,9,15,0.300183654,predict
7000005,8,15,0.240952417,predict
7000006,7,9,0.164915621,predict
7000007,6,7,0.240145445,predict
7000008,5,5,0.257370681,predict
7000009,4,4,0.33117792,predict
7000010,3,3,0.388659745,predict
7000011,2,3,0.449778587,predict
7000012,1,2,0.412021279,predict
7000013,0,0,0.827937245,predict
7100001,15,15,0.513728261,predict
7100002,15,15,0.455046266,predict
7100003,15,15,0.410263717,predict
7100004,15,15,0.375772923,predict
7100005,15,15,0.347144753,predict
7100006,14,15,0.318922579,predict
7100007,13,15,0.282769829,predict
7100008,12,15,0.222338885,predict
7100009,11,15,0.207399905,predict
7100010,10,15,0.187697396,predict
7100011,9,8,0.179417387,predict
7100012,8,7,0.182601839,predict
7100013,7,6,0.219210386,predict
7100014,6,6,0.271585524,predict
7100015,5,5,0.27101627,predict
7100016,4,4,0.359760851,predict
7100017,3,3,0.375267565,predict
7100018,2,3,0.434905827,predict
7100019,1,2,0.470891982,predict
7100020,0,1,0.379567832,predict
7200001,15,15,0.395815879,predict
7200002,15,15,0.382250637,predict
7200003,15,15,0.366435856,predict
7200004,15,15,0.345688313,predict
7200005,15,15,0.315048695,predict
7200006,15,15,0.264139056,predict
7200007,14,15,0.20081389,predict
7200008,13,15,0.184936225,predict
7200009,12,9,0.162958831,predict
7200010,11,8,0.178805634,predict
7200011,10,7,0.182601839,predict
7200012,9,7,0.192902416,predict
7200013,8,7,0.201227665,predict
7200014,7,6,0.217188433,predict
7200015,6,6,0.237000719,predict
7200016,5,6,0.243062332,predict
7200017,4,5,0.244671345,predict
7200018,3,3,0.3496418,predict
7200019,2,2,0.399842352,predict
7200020,1,1,0.495542228,predict
7300001,15,15,0.403843373,predict
7300002,15,15,0.362632006,predict
7300003,15,15,0.319339454,predict
7300004,15,15,0.269181073,predict
7300005,15,15,0.20496653,predict
7300006,15,15,0.194270507,predict
7300007,14,15,0.183587283,predict
7300008,13,9,0.16875045,predict
7300009,12,9,0.162001565,predict
7300010,11,8,0.177183464,predict
7300011,10,7,0.182601839,predict
7300012,9,7,0.182601839,predict
7300013,8,7,0.182601839,predict
7300014,7,7,0.182601839,predict
7300015,6,7,0.182601839,predict
7300016,5,7,0.182601839,predict
7300017,4,7,0.18795684,predict
7300018,3,5,0.21641247,predict
7300019,2,3,0.296844035,predict
7300020,1,2,0.368999392,predict
7400001,15,15,0.312867194,predict
7400002,14,15,0.307482839,predict
7400003,13,15,0.303012609,predict
7400004,12,15,0.293139458,predict
7400005,11,15,0.269614786,predict
7400006,10,15,0.215399593,predict
7400007,9,15,0.188465968,predict
7400008,8,9,0.16157572,predict
7400009,7,7,0.183859006,predict
7400010,6,6,0.258110106,predict
7400011,5,5,0.262902737,predict
7400012,4,4,0.355830222,predict
7400013,3,3,0.430547714,predict
7400014,2,2,0.485836357,predict
7400015,1,0,0.352720708,predict
7400016,0,0,0.78460902,predict
7500001,15,15,0.263396889,predict
7500002,15,15,0.287758082,predict
7500003,15,15,0.297872245,predict
7500004,15,15,0.293823838,predict
7500005,15,15,0.272964954,predict
7500006,15,15,0.228191897,predict
7500007,15,15,0.191679463,predict
7500008,14,15,0.181099489,predict
7500009,13,9,0.163808525,predict
7500010,12,8,0.177121878,predict
7500011,11,7,0.182601839,predict
7500012,10,7,0.182601839,predict
7500013,9,7,0.182601839,predict
7500014,8,7,0.182601839,predict
7500015,7,7,0.182601839,predict
7500016,6,7,0.182601839,predict
7500017,5,7,0.182601839,predict
7500018,4,7,0.184954107,predict
7500019,3,3,0.292196512,predict
7500020,2,2,0.392382383,predict
7600001,15,15,0.614567995,predict
7600002,15,15,0.541615427,predict
7600003,15,15,0.387657732,predict
7600004,15,15,0.329706341,predict
7600005,15,15,0.269716322,predict
7600006,15,15,0.208119631,predict
7600007,14,15,0.205661207,predict
7600008,13,15,0.196579188,predict
7600009,12,15,0.172298178,predict
7600010,11,8,0.174689859,predict
7600011,10,7,0.182601839,predict
7600012,9,7,0.182601839,predict
7600013,8,7,0.182601839,predict
7600014,7,7,0.199417815,predict
7600015,6,6,0.260087579,predict
7600016,5,6,0.24349004,predict
7600017,4,4,0.279798597,predict
7600018,3,3,0.364608765,predict
7600019,2,2,0.414084077,predict
7600020,1,1,0.49257341,predict
7700001,14,15,0.453586757,predict
7700002,13,15,0.229178324,predict
7700003,12,15,0.202901185,predict
7700004,11,15,0.200111449,predict
7700005,10,15,0.19351998,predict
7700006,9,15,0.177067101,predict
7700007,8,8,0.160426751,predict
7700008,7,7,0.183389202,predict
7700009,6,6,0.273335338,predict
7700010,5,4,0.272813618,predict
7700011,4,4,0.380438566,predict
7700012,3,3,0.423337907,predict
7700013,2,3,0.426808506,predict
7700014,1,2,0.446882725,predict
7700015,0,0,0.585582972,predict
7800001,15,15,0.597685516,predict
7800002,15,15,0.459896207,predict
7800003,15,15,0.342340529,predict
7800004,15,15,0.246591046,predict
7800005,15,15,0.198013693,predict
7800006,15,15,0.194945827,predict
7800007,15,15,0.189177766,predict
7800008,15,15,0.178318873,predict
7800009,14,9,0.164024457,predict
7800010,13,8,0.17326194,predict
7800011,12,7,0.183496475,predict
7800012,11,7,0.182601839,predict
7800013,10,7,0.182601839,predict
7800014,9,7,0.186716735,predict
7800015,8,6,0.226547986,predict
7800016,7,5,0.23086299,predict
7800017,6,4,0.268307924,predict
7800018,5,3,0.364268214,predict
7800019,4,2,0.405538559,predict
7800020,3,2,0.395233035,predict
7900001,15,15,0.546801805,predict
7900002,15,15,0.439231485,predict
7900003,15,15,0.382436067,predict
7900004,15,15,0.346102655,predict
7900005,14,15,0.310236067,predict
7900006,13,15,0.267498314,predict
7900007,12,15,0.205404654,predict
7900008,11,15,0.195767432,predict
7900009,10,15,0.178436667,predict
7900010,9,8,0.167154416,predict
7900011,8,7,0.183716774,predict
7900012,7,7,0.182601839,predict
7900013,6,7,0.201795101,predict
7900014,5,6,0.270192266,predict
7900015,4,4,0.276115954,predict
7900016,3,3,0.358902961,predict
7900017,2,2,0.419034004,predict
7900018,1,2,0.404507399,predict
7900019,0,0,0.473764896,predict
8000001,15,15,0.295066565,predict
8000002,15,15,0.302726239,predict
8000003,15,15,0.306106359,predict
8000004,14,15,0.305501789,predict
8000005,13,15,0.300731897,predict
8000006,12,15,0.289547235,predict
8000007,11,15,0.265151501,predict
8000008,10,15,0.213613078,predict
8000009,9,15,0.206150725,predict
8000010,8,15,0.176403835,predict
8000011,7,7,0.181854665,predict
8000012,6,7,0.182601839,predict
8000013,5,6,0.273631155,predict
8000014,4,4,0.317205131,predict
8000015,3,3,0.396163076,predict
8000016,2,3,0.428336382,predict
8000017,1,2,0.461363137,predict
8000018,0,0,0.623656869,predict
8200001,15,15,0.459532708,predict
8200002,15,15,0.428636909,predict
8200003,15,15,0.399431705,predict
8200004,15,15,0.371952444,predict
8200005,15,15,0.344119906,predict
8200006,15,15,0.311223388,predict
8200007,14,15,0.262769401,predict
8200008,13,15,0.208876848,predict
8200009,12,15,0.1974985,predict
8200010,11,9,0.163793057,predict
8200011,10,8,0.179235816,predict
8200012,9,7,0.182601839,predict
8200013,8,7,0.199152395,predict
8200014,7,6,0.274033785,predict
8200015,6,5,0.270335406,predict
8200016,5,4,0.359289438,predict
8200017,4,3,0.416158438,predict
8200018,3,2,0.479281992,predict
8200019,2,0,0.400908053,predict
8200020,1,0,0.78685534,predict
8500001,15,7,0.374740273,predict
8500002,15,15,0.365358859,predict
8500003,15,15,0.346089661,predict
8500004,14,15,0.358020693,predict
8500005,13,15,0.35039112,predict
8500006,12,15,0.326274306,predict
8500007,11,15,0.277088583,predict
8500008,10,15,0.203502625,predict
8500009,9,15,0.184613898,predict
8500010,8,8,0.177767232,predict
8500011,7,7,0.182601839,predict
8500012,6,7,0.202575192,predict
8500013,5,6,0.273343146,predict
8500014,4,5,0.265575409,predict
8500015,3,3,0.332895815,predict
8500016,2,3,0.412570357,predict
8500017,1,2,0.456284344,predict
8500018,0,0,0.416718304,predict
8700001,15,15,0.621694267,predict
8700002,15,15,0.457767129,predict
8700003,14,15,0.331894368,predict
8700004,13,15,0.252240539,predict
8700005,12,15,0.204147443,predict
8700006,11,15,0.199717775,predict
8700007,10,15,0.186678573,predict
8700008,9,9,0.161437362,predict
8700009,8,8,0.17930156,predict
8700010,7,7,0.195661843,predict
8700011,6,6,0.272537291,predict
8700012,5,5,0.267286956,predict
8700013,4,4,0.348230451,predict
8700014,3,3,0.400982857,predict
8700015,2,2,0.391386092,predict
8700016,1,2,0.445717245,predict
8700017,0,1,0.39838627,predict
8800001,15,15,0.497722447,predict
8800002,15,15,0.373260736,predict
8800003,15,15,0.32401523,predict
8800004,15,15,0.284308851,predict
8800005,15,15,0.248051018,predict
8800006,15,15,0.207557932,predict
8800007,14,15,0.204240963,predict
8800008,13,15,0.199194431,predict
8800009,12,15,0.18729201,predict
8800010,11,9,0.161621362,predict
8800011,10,8,0.179076582,predict
8800012,9,7,0.182601839,predict
8800013,8,7,0.182601839,predict
8800014,7,7,0.202251941,predict
8800015,6,6,0.261000454,predict
8800016,5,4,0.266826808,predict
8800017,4,3,0.32917279,predict
8800018,3,2,0.368470937,predict
8800019,2,2,0.441072315,predict
8800020,1,1,0.414388776,predict
8900001,15,15,0.525091887,predict
8900002,15,15,0.41698578,predict
8900003,15,15,0.309214294,predict
8900004,15,15,0.204677135,predict
8900005,15,15,0.202127144,predict
8900006,15,15,0.198497996,predict
8900007,14,15,0.192605272,predict
8900008,13,15,0.18212907,predict
8900009,12,9,0.165508494,predict
8900010,11,8,0.170394138,predict
8900011,10,7,0.182380974,predict
8900012,9,7,0.182601839,predict
8900013,8,7,0.182601839,predict
8900014,7,6,0.230972633,predict
8900015,6,6,0.267589062,predict
8900016,5,4,0.274929285,predict
8900017,4,3,0.351032317,predict
8900018,3,2,0.410063356,predict
8900019,2,2,0.3905164,predict
8900020,1,1,0.438068837,predict
9000001,14,15,0.567533553,predict
9000002,13,15,0.424257398,predict
9000003,12,15,0.310856909,predict
9000004,11,15,0.264598042,predict
9000005,10,15,0.206176102,predict
9000006,9,15,0.194175988,predict
9000007,8,9,0.161960542,predict
9000008,7,7,0.18306987,predict
9000009,6,6,0.266367495,predict
9000010,5,5,0.27101779,predict
9000011,4,4,0.380211562,predict
9000012,3,3,0.459083766,predict
9000013,2,2,0.51536268,predict
9000014,1,0,0.469957978,predict
9000015,0,0,0.869109809,predict
9100001,12,15,0.615110219,predict
9100002,11,15,0.255059451,predict
9100003,10,15,0.188443244,predict
9100004,9,15,0.185402051,predict
9100005,8,15,0.16802673,predict
9100006,7,8,0.171772957,predict
9100007,6,6,0.266955435,predict
9100008,5,5,0.269117445,predict
9100009,4,4,0.368132681,predict
9100010,3,3,0.411294311,predict
9100011,2,3,0.474307388,predict
9100012,1,2,0.516539514,predict
9100013,0,0,0.494836569,predict
9300001,14,15,0.511260331,predict
9300002,13,15,0.421439826,predict
9300003,12,15,0.345647335,predict
9300004,11,15,0.27158013,predict
9300005,10,15,0.202427208,predict
9300006,9,15,0.185939357,predict
9300007,8,8,0.166020736,predict
9300008,7,7,0.188002467,predict
9300009,6,6,0.271118194,predict
9300010,5,5,0.270293236,predict
9300011,4,4,0.374720603,predict
9300012,3,3,0.442275345,predict
9300013,2,2,0.498758912,predict
9300014,1,0,0.448964834,predict
9300015,0,0,0.877603769,predict
9500001,15,15,0.685533762,predict
9500002,15,15,0.532894254,predict
9500003,15,15,0.330852032,predict
9500004,15,15,0.198631629,predict
9500005,15,15,0.201325834,predict
9500006,15,15,0.20147191,predict
9500007,15,15,0.198979899,predict
9500008,15,15,0.192940086,predict
9500009,15,15,0.181169167,predict
9500010,15,9,0.163510218,predict
9500011,15,8,0.17142953,predict
9500012,15,8,0.179253012,predict
9500013,15,7,0.182601839,predict
9500014,14,7,0.182601839,predict
9500015,13,7,0.182601839,predict
9500016,12,7,0.182601839,predict
9500017,11,7,0.182601839,predict
9500018,10,7,0.182601839,predict
9500019,9,7,0.182601839,predict
9500020,8,7,0.182601839,predict
9600001,15,7,0.201778293,predict
9600002,15,8,0.166661844,predict
9600003,15,15,0.171791688,predict
9600004,15,15,0.181602418,predict
9600005,15,15,0.185443535,predict
9600006,15,15,0.185136825,predict
9600007,15,15,0.181049272,predict
9600008,15,15,0.172486618,predict
9600009,15,9,0.162750766,predict
9600010,15,8,0.169309869,predict
9600011,15,8,0.178334042,predict
9600012,15,7,0.18301931,predict
9600013,15,7,0.182601839,predict
9600014,15,7,0.182601839,predict
9600015,15,7,0.182601839,predict
9600016,15,7,0.182601839,predict
9600017,15,7,0.182601839,predict
9600018,15,7,0.182601839,predict
9600019,14,7,0.182601839,predict
9600020,13,7,0.182601839,predict
9700001,15,15,0.437298596,predict
9700002,15,15,0.364371687,predict
9700003,15,15,0.351640701,predict
9700004,15,15,0.336546719,predict
9700005,15,15,0.320508868,predict
9700006,14,15,0.303647488,predict
9700007,13,15,0.284004301,predict
9700008,12,15,0.255993754,predict
9700009,11,15,0.213001341,predict
9700010,10,15,0.212801203,predict
9700011,9,15,0.199745044,predict
9700012,8,8,0.16635181,predict
9700013,7,7,0.182601839,predict
9700014,6,6,0.257839411,predict
9700015,5,4,0.381317139,predict
9700016,4,3,0.454007566,predict
9700017,3,2,0.448226959,predict
9700018,2,2,0.43985793,predict
9700019,1,0,0.725112796,predict
9700020,0,0,0.934162796,predict
9800001,14,15,0.608491421,predict
9800002,13,15,0.443894625,predict
9800003,12,15,0.340196192,predict
9800004,11,15,0.274470061,predict
9800005,10,15,0.199824825,predict
9800006,9,15,0.185289845,predict
9800007,8,8,0.164520189,predict
9800008,7,6,0.207596436,predict
9800009,6,6,0.272113115,predict
9800010,5,4,0.287147403,predict
9800011,4,4,0.375734776,predict
9800012,3,3,0.446872234,predict
9800013,2,2,0.46925211,predict
9800014,1,2,0.357886702,predict
9800015,0,0,0.716571808,predict
9900001,15,15,0.486974031,predict
9900002,15,15,0.360385686,predict
9900003,15,15,0.311238945,predict
9900004,14,15,0.274311543,predict
9900005,13,15,0.24061498,predict
9900006,12,15,0.207734168,predict
9900007,11,15,0.203884885,predict
9900008,10,15,0.191394731,predict
9900009,9,9,0.164968714,predict
9900010,8,8,0.179176703,predict
9900011,7,6,0.266536832,predict
9900012,6,5,0.263344347,predict
9900013,5,4,0.316696614,predict
9900014,4,4,0.362139434,predict
9900015,3,3,0.449030399,predict
9900016,2,2,0.490005493,predict
9900017,1,1,0.357231647,predict
9900018,0,0,0.720777929,predict
10000001,15,15,0.410665959,predict
10000002,15,15,0.381387621,predict
10000003,15,15,0.346308708,predict
10000004,15,15,0.302954644,predict
10000005,15,15,0.246865749,predict
10000006,14,15,0.18904452,predict
10000007,13,15,0.175837144,predict
10000008,12,9,0.166847795,predict
10000009,11,8,0.163568676,predict
10000010,10,8,0.179051563,predict
10000011,9,7,0.194500104,predict
10000012,8,6,0.224606216,predict
10000013,7,6,0.258941382,predict
10000014,6,6,0.273745507,predict
10000015,5,5,0.258511424,predict
10000016,4,4,0.306580275,predict
10000017,3,3,0.391907156,predict
10000018,2,2,0.444386333,predict
10000019,1,1,0.430331945,predict
10000020,0,0,0.516836882,predict
